Candidatus Altiarchaeum	1803512
Candidatus Methanomethylicus	1915411
Candidatus Nitrosocaldus	498374
Candidatus Nitrosopelagicus	1593364
Candidatus Nitrosotenuis	1825023
Cenarchaeum	46769
Nitrosarchaeum	1007082
Candidatus Nitrososphaera	497726
Candidatus Nitrosotalea	1078904
Acidilobus	105850
Aeropyrum	56635
Caldisphaera	200414
Stetteria	52130
Thermodiscus	54249
Desulfurococcus	2273
Staphylothermus	2279
Thermogladius	477695
Thermosphaera	54253
Ignicoccus	54258
Ignisphaera	334767
Hyperthermus	54247
Pyrodictium	2308
Fervidicoccus	685950
Acidianus	12914
Metallosphaera	41980
Saccharolobus	2100760
Stygiolobus	41674
Sulfolobus	2284
Sulfurisphaera	69655
Thermofilum	2268
Caldivirga	76886
Pyrobaculum	2276
Thermocladium	62608
Thermoproteus	2270
Vulcanisaeta	164450
Methanobacterium	2160
Methanobrevibacter	2172
Methanosphaera	2316
Methanothermobacter	145260
Methanocaldococcus	196118
Methanococcus	2184
Methanothermococcus	155862
Methanotorris	196119
Methanopyrus	2319
Candidatus Methanofastidiosum	2666130
Palaeococcus	83867
Pyrococcus	2260
Thermococcus	2263
Archaeoglobus	2233
Ferroglobus	54260
Geoglobus	190818
Haladaptatus	367188
Halanaeroarchaeum	1656823
Halarchaeum	744724
Halobacterium	2239
Halodesulfurarchaeum	1980514
Salarchaeum	1075398
Halalkalicoccus	332246
Halococcus	2249
Halostella	1843185
Haloarchaeobius	1269031
Halobaculum	43927
Halobellus	1073986
Halobiforma	203193
Haloferax	2251
Halogeometricum	60846
Halogranum	695982
Halohasta	1450140
Halolamina	1075397
Halonotius	869896
Haloparvum	1820337
Halopelagius	1008195
Halopenitus	1209988
Halopiger	387342
Haloplanus	376170
Haloquadratum	293431
Halorubellus	1269048
Halorubrum	56688
Halorussus	1070314
Halostagnicola	353799
Haloterrigena	121871
Halovenus	1377992
Halovivax	332951
Natrialba	63742
Natrinema	88723
Natronoarchaeum	926359
Natronobacterium	2256
Natronococcus	29287
Natronolimnobius	253106
Natronorubrum	134813
Salinarchaeum	1269201
Salinigranum	1644057
Saliphagus	2039236
Candidatus Halobonum	1431544
Halapricum	1542963
Haloarcula	2237
Halomarina	871740
Halomicroarcula	1427149
Halomicrobium	203135
Halorhabdus	146825
Halorientalis	1073987
Halosiccatus	1763447
Halosimplex	171163
Natronomonas	63743
Salinirubrum	1644062
Methanocella	570266
Methanocalculus	71151
Methanocorpusculum	2192
Methanoculleus	45989
Methanofollis	81416
Methanogenium	2195
Methanolacinia	230355
Methanomicrobium	2204
Methanoplanus	2314
Methanolinea	499551
Methanoregula	395331
Methanosphaerula	475087
Methanospirillum	2202
Candidatus Methanoperedens	1392997
Methanosaeta	2222
Methanimicrococcus	91559
Methanococcoides	2225
Methanohalobium	2321
Methanohalophilus	2175
Methanolobus	2220
Methanomethylovorans	101191
Methanosarcina	2207
Methermicoccus	660063
Candidatus Syntrophoarchaeum	1912923
Candidatus Korarchaeum	498845
Nanoarchaeum	193568
Candidatus Nanobsidianus	1996557
Candidatus Nanopusillus	1890407
Candidatus Haloredivivus	1117720
Candidatus Nanosalinarum	1051667
Aciduliprofundum	379546
Methanomassiliicoccus	1080709
Candidatus Methanogranum	1577789
Candidatus Methanomethylophilus	1291539
Candidatus Methanoplasma	1607807
Acidiplasma	507753
Ferroplasma	74968
Cuniculiplasma	1747777
Thermoplasma	2302
Abditibacterium	2109263
Acidicapsa	1078830
Acidobacterium	33973
Bryocella	1078860
Edaphobacter	388463
Granulicella	940557
Occallatibacter	1742983
Telmatobacter	1078829
Terracidiphilus	1768185
Terriglobus	392733
Candidatus Koribacter	658061
Bryobacter	911113
Candidatus Solibacter	332162
Aridibacter	1562564
Blastocatella	1281902
Stenotrophobacter	1748767
Tellurimicrobium	1748764
Chloracidobacterium	458032
Pyrinomonas	1562565
Acanthopleuribacter	442869
Thermotomaculum	1172428
Geothrix	44675
Holophaga	35838
Thermoanaerobaculum	1434048
Luteitalea	2004797
Vicinamibacter	1847386
Acidimicrobium	53634
Acidithrix	1609233
Ferrimicrobium	121038
Ferrithrix	643949
Aciditerrimonas	1042325
Candidatus Actinomarina	1389453
Iamia	467975
Ilumatobacter	682522
Candidatus Microthrix	41949
Actinomyces	1654
Actinotignum	1653174
Arcanobacterium	28263
Flaviflexus	1522056
Mobiluncus	2050
Trueperella	1069494
Varibaculum	184869
Candidatus Ancillula	1265508
Aeriscardovia	240233
Alloscardovia	419014
Bifidobacterium	1678
Bombiscardovia	1159909
Gardnerella	2701
Pseudoscardovia	1302778
Actinospica	414715
Catenulispora	414878
Corynebacterium	1716
Lawsonella	1847725
Turicella	1716
Tomitella	741759
Dietzia	37914
Hoyosella	697025
Mycobacterium	1763
Gordonia	2053
Nocardia	1817
Rhodococcus	1827
Skermania	59613
Smaragdicoccus	613121
Williamsia	85043
Tsukamurella	2060
Egibacter	1747770
Euzebya	908623
Acidothermus	28048
Cryptosporangium	65502
Fodinicola	435913
Frankia	1854
Jatrophihabitans	1434010
Antricoccus	1920251
Blastococcus	38501
Geodermatophilus	1860
Klenkia	2183612
Modestobacter	88138
Nakamurella	53460
Candidatus Planktophila	622681
Longivirga	2083192
Sporichthya	35750
Glycomyces	58113
Salilacibacter	1840198
Angustibacter	908626
Kineococcus	33981
Kineosporia	49184
Pseudokineococcus	1156392
Quadrisphaera	317661
Miniimonas	947525
Salana	120376
Serinibacter	690565
Bogoriella	56054
Georgenia	154116
Brevibacterium	1696
Spelaeicoccus	1649497
Actinotalea	458839
Cellulomonas	1707
Oerskovia	162491
Paraoerskovia	665568
Pseudactinotalea	1926259
Tropheryma	2038
Demequina	577469
Lysinimicrobium	577469
Brachybacterium	43668
Dermabacter	36739
Helcobacillus	1161125
Allobranchiibius	2040262
Branchiibius	908251
Calidifontibacter	1158982
Demetria	63958
Dermacoccus	57495
Flexivirga	1096776
Kytococcus	57499
Dermatophilus	1862
Kineosphaera	211469
Mobilicoccus	984996
Piscicoccus	985001
Aquipuribacter	1433988
Arsenicicoccus	267408
Fodinibacter	872112
Humibacillus	556178
Intrasporangium	53357
Janibacter	53457
Knoellia	136099
Kribbia	331525
Lapillicoccus	402170
Marihabitans	568214
Ornithinibacter	1191515
Ornithinicoccus	82345
Ornithinimicrobium	125287
Oryzihumus	344063
Serinicoccus	265976
Terrabacter	53355
Tetrasphaera	99479
Jonesia	43673
Agreia	110934
Agrococcus	46352
Agromyces	33877
Amnibacterium	1029631
Aurantimicrobium	1705353
Candidatus Aquiluna	529881
Candidatus Flaviluna	500019
Candidatus Limnoluna	507002
Candidatus Planktoluna	500014
Chryseoglobus	1331730
Clavibacter	1573
Cnuibacter	1759331
Conyzicola	1648520
Cryobacterium	69578
Curtobacterium	2034
Diaminobutyricimonas	1433997
Frigoribacterium	96492
Frondihabitans	447237
Galbitalea	1484107
Glaciihabitans	1649454
Gryllotalpicola	1195526
Gulosibacter	256818
Herbiconiux	881616
Homoserinibacter	1649457
Homoserinimonas	1434009
Huakuichenia	1905746
Humibacter	427753
Klugiella	580374
Labedella	390250
Leifsonia	110932
Leucobacter	55968
Lysinimonas	1434018
Marisediminicola	1230698
Microbacterium	33882
Microcella	337004
Microterricola	518733
Mycetocola	76634
Naasia	1434022
Okibacterium	196084
Parafrigoribacterium	1957020
Plantibacter	190323
Pontimonas	1434032
Pseudoclavibacter	255204
Rathayibacter	33886
Rhodoglobus	193383
Rhodoluna	529883
Salinibacterium	235888
Schumannella	472058
Subtercola	120212
Yonghaparkia	355929
Arthrobacter	1663
Auritidibacter	1160973
Citricoccus	169133
Enteractinococcus	1164863
Falsarthrobacter	2109356
Garicola	1774136
Glutamicibacter	1742989
Kocuria	57493
Micrococcus	1269
Neomicrococcus	1868332
Nesterenkonia	57494
Paenarthrobacter	1742992
Paeniglutamicibacter	1742990
Pseudarthrobacter	1742993
Renibacterium	1645
Rothia	32207
Sinomonas	596707
Tersicoccus	1418588
Yaniella	225447
Zhihengliuella	370735
Luteimicrobium	754249
Timonella	1465824
Cellulosimicrobium	157920
Isoptericola	254250
Krasilnikoviella	1914244
Myceligenerans	253183
Promicromonospora	43676
Rarobacter	13242
Haloactinobacterium	626119
Ruania	626119
Actinocatenispora	390988
Actinoplanes	1865
Allocatelliglobosispora	1400054
Asanoa	195964
Catellatospora	53365
Catenuloplanes	33874
Couchioplanes	56433
Dactylosporangium	35753
Hamadaea	1121254
Krasilnikovia	349312
Longispora	203522
Luedemannella	349314
Micromonospora	1873
Phytohabitans	907364
Planosporangium	689760
Plantactinospora	673534
Pseudosporangium	439698
Rhizocola	1538466
Salinispora	168694
Spirilliplanes	42232
Stackebrandtia	283810
Verrucosispora	1873
Virgisporangium	65504
Wangella	1398561
Xiangella	1873
Egicoccus	1755825
Nitriliruptor	596499
Actinopolymorpha	117156
Aeromicrobium	2040
Flindersiella	1434003
Kribbella	182639
Marmoricola	86795
Mumia	1546255
Nocardioides	1839
Tenggerimyces	1784839
Acidipropionibacterium	1912215
Aestuariimicrobium	396388
Auraticoccus	1278221
Brooklawnia	369926
Cutibacterium	1912216
Friedmanniella	53387
Granulicoccus	448176
Haloactinopolyspora	1217101
Jiangella	281472
Luteococcus	33983
Microlunatus	29404
Micropruina	116071
Naumannella	1294511
Phytoactinopolyspora	1783488
Propionibacterium	1743
Propionicicella	348581
Propioniciclava	1085622
Propionicimonas	236052
Propioniferax	53456
Propionimicrobium	203133
Pseudopropionibacterium	2801844
Raineyella	1911549
Tessaracoccus	72763
Actinoalloteichus	65496
Actinokineospora	39845
Actinomycetospora	402649
Actinophytocola	695999
Actinopolyspora	1849
Actinorectispora	1769723
Alloactinosynnema	674734
Allokutzneria	1137960
Amycolatopsis	1813
Crossiella	130795
Goodfellowiella	334857
Halopolyspora	1649455
Herbihabitans	1884922
Kibdelosporangium	2029
Lechevalieria	165301
Longimycelium	1434016
Prauserella	142577
Pseudonocardia	1847
Saccharomonospora	1851
Saccharopolyspora	1835
Saccharothrix	2071
Sciscionella	596495
Thermocrispum	37924
Thermotunica	1649509
Umezawaea	583360
Yuhushiella	1813
Allostreptomyces	1914443
Kitasatospora	2063
Streptacidiphilus	228398
Streptomyces	1883
Allosalinactinospora	1631197
Lipingzhangella	1874625
Nocardiopsis	2013
Streptomonospora	104204
Thermobifida	83677
Acrocarpospora	90974
Microbispora	2005
Microtetraspora	1995
Nonomuraea	83681
Planomonospora	1998
Planotetraspora	58120
Sphaerimonospora	1792303
Sphaerisporangium	321315
Streptosporangium	2000
Thermocatellispora	1649505
Thermopolyspora	359169
Motilibacter	1434021
Actinoallomurus	667113
Actinocorallia	58108
Actinomadura	1988
Spirillospora	58122
Thermobispora	147067
Thermomonospora	2019
Atopobium	1380
Libanicoccus	2082587
Olsenella	133925
Collinsella	102106
Coriobacterium	33870
Enorma	1472762
Phoenicibacter	1981050
Raoultibacter	1926677
Adlercreutzia	447020
Asaccharobacter	553372
Cryptobacterium	84162
Denitrobacterium	79603
Eggerthella	84111
Enterorhabdus	580024
Enteroscipio	2126006
Gordonibacter	644652
Paraeggerthella	651554
Parvibacter	1427376
Senegalimassilia	1473205
Slackia	84108
Rubrobacter	42255
Gaiella	1154586
Conexibacter	191494
Parviterribacter	1759365
Patulibacter	361607
Solirubrobacter	207599
Thermoleophilum	192992
Aquifex	2713
Hydrogenivirga	246263
Hydrogenobacter	939
Thermocrinis	75905
Hydrogenobaculum	168657
Hydrogenothermus	133269
Persephonella	182899
Sulfurihydrogenibium	212790
Venenivibrio	407997
Balnearium	223787
Desulfurobacterium	64159
Thermovibrio	171868
Armatimonas	1042315
Chthonomonas	1077265
Fimbriimonas	1005038
Bacteroides	816
Barnesiella	397864
Coprobacter	1348911
Candidatus Armantifilum	907288
Candidatus Azobacteroides	511434
Candidatus Symbiothrix	467084
Dysgonomonas	156973
Fermentimonas	1784836
Petrimonas	307628
Proteiniphilum	294702
Butyricimonas	574697
Marinifilum	866673
Odoribacter	283168
Sanguibacteroides	1635148
Alkaliflexus	286729
Alkalitalea	1193324
Anaerophaga	177399
Carboxylicivirga	1628153
Labilibacter	1849718
Mangroviflexus	1434020
Marinilabilia	59738
Ruminofilibacter	340117
Saccharicrinis	1618113
Muribaculum	1918540
Microbacter	1548510
Paludibacter	346096
Porphyromonas	836
Alloprevotella	1283313
Paraprevotella	577309
Prevotella	838
Draconibacterium	1471399
Mangrovibacterium	1573808
Mariniphaga	1573806
Meniscus	200677
Prolixibacter	314318
Roseimarinus	1827484
Sunxiuqinia	1254401
Tangfeifania	1649501
Alistipes	239759
Anaerocella	1634949
Mucinivorans	1611681
Rikenella	28138
Salinivirga	1970191
Candidatus Vestibaculum	411918
Macellibacteroides	1159323
Parabacteroides	375288
Tannerella	195950
Acetobacteroides	1647173
Williamwhitmania	2038697
Arachidicoccus	1769012
Asinibacterium	1612198
Aurantisolimonas	2125991
Chitinophaga	79328
Cnuella	1648511
Dinghuibacter	1795363
Edaphobaculum	2039714
Ferruginibacter	1004303
Filimonas	649460
Filobacterium	1740706
Flaviaesturariibacter	1789690
Flavihumibacter	1004301
Flavisolibacter	398041
Flavitalea	1210116
Haoranjiania	1890298
Heliimonas	1649456
Hydrobacter	1774131
Hydrotalea	1004300
Lacibacter	649461
Niabella	379899
Niastella	354354
Parafilimonas	1649476
Parasediminibacterium	1747780
Parasegetibacter	1004302
Pseudoflavitalea	1884792
Puia	2045098
Rurimicrobium	2049912
Sediminibacterium	504481
Segetibacter	460073
Taibaiella	1434702
Terrimonas	296051
Thermoflavifilum	1649506
Vibrionimonas	1649511
Aureispira	365032
Candidatus Aquirestis	526862
Haliscomenobacter	2349
Lewinella	70994
Membranicola	2023705
Phaeodactylibacter	1564515
Portibacter	1227556
Rubidimonas	1147735
Saprospira	1007
Candidatus Amoebophilus	281119
Candidatus Cardinium	273135
Candidatus Paenicardinium	362860
Algoriphagus	246875
Anditalea	1494913
Aquiflexum	280472
Belliella	232244
Catalinimonas	1522128
Cecembia	1187078
Cesiribacter	1133570
Cyclobacterium	68288
Echinicola	390846
Ekhidna	447678
Fabibacter	290180
Fontibacter	881894
Fulvivirga	396811
Imperialibacter	1649461
Indibacter	647744
Lunatimonas	1774589
Mariniradius	1245590
Marinoscillum	643701
Marivirga	869806
Mongoliicoccus	1237108
Mongoliitalea	1511649
Nafulsella	1265689
Negadavirga	1822461
Reichenbachiella	156993
Roseivirga	290180
Shivajiella	1336690
Tunicatimonas	1077254
Cytophaga	978
Rhodocytophaga	455076
Siphonobacter	700450
Sporocytophaga	1011
Algivirga	1435426
Flammeovirga	59739
Flexithrix	70992
Luteivirga	1434017
Perexilibacter	442432
Rapidithrix	413963
Adhaeribacter	299566
Hymenobacter	89966
Nibribacter	1649474
Pontibacter	323449
Rufibacter	1379908
Chryseolinea	1433993
Eisenibacter	1937963
Flexibacter	992
Hassallia	482629
Microscilla	1023
Ohtaekwangia	1210119
Thermoflexibacter	1938003
Mooreia	1522130
Raineya	2071614
Arcicella	217140
Arsenicibacter	1914260
Dyadobacter	120831
Emticicia	312278
Fibrella	861914
Fibrisoma	861913
Flectobacillus	101
Fluviimonas	1383890
Lacihabitans	1649462
Larkinella	332157
Leadbetterella	319458
Nibrella	1649473
Persicitalea	442431
Pseudarcicella	1664383
Rhabdobacter	1747773
Rudanella	451373
Runella	105
Spirosoma	107
Taeseokella	1763563
Thermonema	28194
Blattabacterium	34098
Candidatus Brownia	1010679
Candidatus Sulcia	336809
Candidatus Uzinura	670955
Brumimicrobium	200473
Crocinitomix	246873
Fluviicola	332102
Salinirepens	1233041
Wandonia	1115103
Cryomorpha	246876
Luteibaculum	1649465
Owenweeksia	267986
Phaeocystidibacter	1577779
Vicingus	2058169
Actibacter	449462
Aequorivita	153265
Aestuariibaculum	1386924
Aestuariimonas	2109352
Aestuariivivens	1820275
Algibacter	261827
Algitalea	1704274
Antarcticibacterium	2058174
Antarcticimonas	442727
Aquibacter	1502303
Aquimarina	290174
Arcticiflavibacter	1738639
Arenibacter	178469
Ascidiimonas	1853701
Aurantivirga	1737068
Aureimarina	414367
Aureisphaera	1704230
Aureitalea	1176327
Aureivirga	1433990
Bizionia	283785
Capnocytophaga	1016
Cellulophaga	104264
Changchengzhania	2049301
Citreitalea	1534975
Coenonia	78328
Confluentibacter	1763531
Corallibacter	1511643
Costertonia	343334
Croceibacter	216431
Croceitalea	574891
Dokdonia	326319
Eudoraea	446680
Euzebyella	1287916
Flagellimonas	444459
Flavicella	1644102
Flavimarina	1606872
Flavirhabdus	291183
Flavivirga	1209327
Flavobacterium	237
Formosa	225842
Gaetbulibacter	311207
Galbibacter	379068
Gangjinia	1400057
Gelidibacter	49279
Geojedonia	1649451
Gillisia	244698
Gilvibacter	379070
Gramella	292691
Hanstruepera	1707752
Hoppeia	1541817
Hwangdonia	1649460
Hyunsoonleella	1080193
Ichthyenterobacterium	1775694
Jejudonia	1499144
Jejuia	762551
Joostella	453850
Kordia	221065
Kriegella	574892
Lacinutrix	291183
Leeuwenhoekiella	283735
Lutibacter	358023
Lutimonas	449810
Mangrovimonas	1211036
Maribacter	252356
Mariniflexile	527198
Maritimimonas	1403697
Marixanthomonas	387658
Meridianimaribacter	1197472
Mesoflavibacter	444051
Mesonia	232115
Muricauda	111500
Muriicola	762641
Myroides	76831
Neptunitalea	1749071
Nonlabens	363408
Olleya	336276
Pibocella	237372
Planktosalinus	1810932
Polaribacter	52959
Postechiella	1434033
Pricia	1434034
Pseudofulvibacter	1524959
Pseudozobellia	633413
Psychroflexus	83612
Psychroserpens	49277
Robiginitalea	252306
Sabulilitoribacter	1573059
Salegentibacter	143222
Salinimicrobium	561367
Sediminibacter	379072
Sediminicola	389486
Seonamhaeicola	1649495
Sinomicrobium	1434045
Snuella	1235438
Spongiibacterium	444459
Spongiiferula	1819672
Spongiimicrobium	1884867
Spongiimonas	1313213
Spongiivirga	1775471
Subsaxibacter	291181
Subsaximicrobium	291178
Sungkyunkwania	1649498
Tamlana	393005
Tenacibaculum	104267
Ulvibacter	237444
Vitellibacter	153265
Wenyingzhuangia	1518147
Winogradskyella	286104
Xanthomarina	1868329
Yeosuana	288018
Zeaxanthinibacter	561554
Zhouia	561555
Zobellia	112040
Zunongwangia	417127
Ichthyobacterium	1755829
Schleiferia	1333716
Algoriella	1762932
Apibacter	1778601
Bergeyella	59735
Chishuiella	1572663
Chryseobacterium	59732
Cloacibacterium	501783
Cruoricaptor	1433995
Elizabethkingia	308865
Empedobacter	59734
Moheibacter	1572763
Ornithobacterium	28250
Riemerella	34084
Soonwooa	944321
Weeksella	1013
Lentimicrobium	1840214
Anseongella	1773450
Arcticibacter	1288026
Mucilaginibacter	423349
Nubsella	565005
Olivibacter	376469
Parapedobacter	416949
Pedobacter	84567
Pelobium	1903173
Pseudopedobacter	1649482
Pseudosphingobacterium	407021
Solitalea	929509
Sphingobacterium	28453
Chlorobaculum	256319
Chlorobium	1091
Prosthecochloris	1101
Chloroherpeton	100715
Ignavibacterium	795750
Melioribacter	1134403
Aliifodinibius	1397107
Balneola	455358
Fodinibius	1397106
Gracilimonas	649462
Rhodohalobacter	1974209
Soortia	1914110
Longimonas	1829937
Natronotalea	2039627
Rhodothermus	29548
Rubricoccus	907202
Rubrivirga	1434037
Salinibacter	146918
Salisaeta	689697
Bacteriovorax	146784
Halobacteriovorax	1652133
Peredibacter	263370
Bdellovibrio	958
OM27 clade	1302713
Oligoflexus	1553903
Pseudobacteriovorax	1769746
Silvanigrella	2024975
Candidatus Caldatribacterium	1454725
Caldisericum	693074
Caldithrix	187144
Calorithrix	1930613
Arcobacter	28196
Halarcobacter	2321115
Malaciobacter	2321114
Poseidonibacter	2321187
Campylobacter	194
Helicobacter	209
Wolinella	843
Hydrogenimonas	223785
Thiofractor	1227554
Nitratiruptor	269258
Sulfuricurvum	286130
Sulfurimonas	202746
Thiovulum	936
Sulfurospirillum	57665
Nitratifractor	269260
Sulfurovum	265570
Thioreductor	269252
Caminibacter	191301
Lebetimonas	267989
Nautilia	191291
Desulfurella	33001
Hippea	84404
Anaerolinea	233189
Bellilinea	475960
Flexilinea	1769713
Leptolinea	475966
Levilinea	475965
Longilinea	475961
Ornatilinea	1434028
Pelolinea	1649478
Thermanaerothrix	1077886
Thermomarinilinea	1649507
Ardenticatena	1382931
Caldilinea	233191
Litorilinea	1215913
Thermoflexus	1495649
Candidatus Chloroploca	1579476
Candidatus Chlorothrix	257502
Chloroflexus	1107
Chloronema	166588
Oscillochloris	104175
Herpetosiphon	64
Kouleothrix	186475
Roseiflexus	120961
Kallotenue	1508537
Thermobaculum	262406
Nitrolancea	1206748
Sphaerobacter	2056
Thermomicrobium	499
Dehalococcoides	61434
Dehalogenimonas	670486
Dehalobium	391607
Ktedonobacter	363276
Thermogemmatispora	768669
Thermosporothrix	768650
Desulfurispirillum	393029
Candidatus Cloacimonas	456826
Coprothermobacter	68335
Aliterella	1827277
Moorea	619344
Geminobacterium	1982970
Gloeocapsa	102231
Nostoc	1177
Tolypothrix	111782
Candidatus Gloeomargarita	1188227
Geitlerinema	63132
Calenema	1983114
Limnothrix	132605
Candidatus Obscuribacter	1906156
Vampirovibrio	213484
Calditerrivibrio	545865
Deferribacter	53572
Denitrovibrio	117999
Flexistipes	2351
Geovibrio	46200
Mucispirillum	248038
Seleniivibrio	1649493
Deferrisoma	1125862
Deinobacterium	758601
Deinococcus	1298
Truepera	332248
Meiothermus	65551
Oceanithermus	208447
Rhabdothermus	1434036
Thermus	270
Candidatus Babela	1551504
Desulfarculus	453229
Desulfocarbo	1535192
Desulfobacca	60892
Desulfatiglans	1549126
Candidatus Desulfamplus	1246635
Desulfobacter	2289
Desulfobacterium	2295
Desulfobacula	28222
Desulfobotulus	48001
Desulfocella	89342
Desulfoconvexum	1649264
Desulfospira	53328
Desulfotignum	115780
Desulfococcus	896
Desulfonema	45654
Desulfofaba	109169
Desulfofrigus	109166
Desulfoluna	497721
Desulforegula	153027
Candidatus Magnetananas	1141976
Candidatus Magnetoglobus	418098
Desulfatibacillum	218207
Desulfatirhabdium	497742
Desulfatitalea	1303912
Desulfonatronobacter	1417297
Desulfosalsimonas	377149
Desulfosarcina	2299
Candidatus Electronema	1859129
Candidatus Electrothrix	1859128
Desulfobulbus	893
Desulfocapsa	53318
Desulfofustis	51194
Desulfopila	429014
Desulfoprunum	1654934
Desulforhopalus	40413
Desulfotalea	109168
Desulfurivibrio	427922
Candidatus Desulfofervidus	1902583
Desulfomonile	2357
Desulfovermiculus	339721
Desulfomicrobium	898
Desulfonatronum	66848
Desulfonatronospira	488937
Desulfonatronovibrio	53244
Desulfonauticus	206664
Desulfothermus	224474
Desulfoplanes	1634037
Bilophila	35832
Desulfocurvus	700595
Desulfovibrio	872
Halodesulfovibrio	1912771
Lawsonia	41707
Mailhella	1981028
Bradymonas	1779136
Desulfuromonas	890
Geoalkalibacter	392332
Desulfuromusa	37817
Geopsychrobacter	271087
Malonomonas	57039
Pelobacter	18
Geothermobacter	213223
Syntrophotalea	2812025
Citrifermentans	2883512
Geobacter	28231
Geotalea	2910589
Trichlorobacter	115782
Pseudopelobacter	18
Dissulfuribacter	1433998
Dissulfurimicrobium	1769732
Dissulfurirhabdus	1840207
Smithella	182623
Syntrophus	43773
Desulfacinum	35836
Desulforhabdus	39840
Desulfovirga	149711
Syntrophobacter	29526
Thermodesulforhabdus	88358
Syntrophorhabdus	513557
Caldimicrobium	444090
Geothermobacterium	169299
Thermodesulfobacterium	1740
Dictyoglomus	13
Elusimicrobium	423604
Endomicrobium	1408194
Candidatus Entotheonella	93171
Chitinivibrio	1505231
Fibrobacter	832
Acholeplasma	2147
Anaeroplasma	2086
Candidatus Phytoplasma	33926
Acidibacillus	1765682
Alicyclobacillus	29330
Effusibacillus	1502725
Tumebacillus	432330
Aneurinibacillus	55079
Aeribacillus	1055323
Alkalibacillus	331654
Allobacillus	1400133
Amphibacillus	29331
Anaerobacillus	704093
Anoxybacillus	150247
Aquibacillus	1647190
Aquisalibacillus	485576
Aureibacillus	1930791
Bacillus	1386
Caldibacillus	1276290
Calditerricola	373053
Cerasibacillus	227864
Falsibacillus	1270155
Fictibacillus	1329200
Filobacillus	160794
Geobacillus	129337
Gracilibacillus	74385
Halalkalibacillus	392825
Halobacillus	45667
Halolactibacillus	306539
Lentibacillus	175304
Oceanobacillus	182709
Ornithinibacillus	484508
Paraliobacillus	200903
Paucisalibacillus	351094
Piscibacillus	420644
Pontibacillus	289201
Pseudogracilibacillus	1494958
Salimicrobium	351195
Salirhabdus	394505
Saliterribacillus	1434043
Sediminibacillus	482460
Sinibacillus	1649496
Tepidibacillus	1494427
Terribacillus	459532
Thalassobacillus	331971
Ureibacillus	160795
Virgibacillus	84406
Vulcanibacillus	551771
Alteribacillus	1433300
Geomicrobium	767528
Marinococcus	1370
Natribacillus	1150774
Salibacterium	1884429
Salsuginibacillus	427077
Sinobaca	342943
Bhargavaea	941338
Caryophanon	33976
Chryseomicrobium	889388
Chungangia	1246645
Domibacillus	1433999
Filibacter	34100
Jeotgalibacillus	157226
Kurthia	1649
Lysinibacillus	400634
Paenisporosarcina	651660
Planococcus	1372
Planomicrobium	162291
Psychrobacillus	1221880
Rummeliibacillus	648802
Savagea	1655429
Solibacillus	648800
Sporosarcina	1569
Viridibacillus	496496
Alkalicoccus	2005375
Salipaludibacillus	1884449
Salisediminibacterium	1434042
Texcoconibacillus	1649504
Pullulanibacillus	475230
Scopulibacillus	442527
Sporolactobacillus	2077
Terrilactibacillus	1795633
Tuberibacillus	340096
Brevibacillus	55080
Caldalkalibacillus	379065
Desulfuribacillus	1543703
Entomoplasma	46238
Mesoplasma	46239
Candidatus Hepatoplasma	295595
Spiroplasma	2132
Asteroleplasma	2152
Candidatus Stoquefichus	1470349
Catenibacterium	135858
Coprobacillus	100883
Erysipelatoclostridium	3025755
Sharpea	519427
Allobaculum	174708
Breznakia	1854458
Bulleidia	118747
Catenisphaera	1774107
Dielma	1472649
Dubosiella	1937008
Erysipelothrix	1647
Faecalibaculum	1729679
Faecalicoccus	1573536
Faecalitalea	1573534
Holdemanella	1573535
Holdemania	61170
Ileibacterium	1937007
Merdibacter	1935200
Solobacterium	123375
Turicibacter	191303
Exiguobacterium	33986
Haloplasma	471824
Kyrpidia	1129704
Abiotrophia	46123
Aerococcus	1375
Aerosphaera	137460
Bavariicoccus	697279
Dolosicoccus	171413
Eremococcus	171412
Facklamia	66831
Globicatella	13075
Ignavigranum	89092
Alkalibacterium	99906
Allofustis	192987
Alloiococcus	1651
Atopococcus	269773
Atopostipes	292480
Carnobacterium	2747
Desemzia	82800
Dolosigranulum	29393
Granulicatella	117563
Jeotgalibaca	1470540
Lacticigenium	633405
Marinilactibacillus	191769
Pisciglobus	1384499
Trichococcus	82802
Catellicoccus	300418
Enterococcus	1350
Tetragenococcus	51668
Agrilactobacillus	2767875
Amylolactobacillus	2767876
Apilactobacillus	2767877
Bombilactobacillus	2767878
Companilactobacillus	2767879
Dellaglioa	2767880
Fructilactobacillus	2767881
Fructobacillus	559173
Furfurilactobacillus	2767882
Holzapfelia	2767883
Lacticaseibacillus	2759736
Lactiplantibacillus	2767842
Lactobacillus	1578
Lapidilactobacillus	2767884
Latilactobacillus	2767885
Lentilactobacillus	2767893
Leuconostoc	1243
Levilactobacillus	2767886
Ligilactobacillus	2767887
Limosilactobacillus	2742598
Liquorilactobacillus	2767888
Loigolactobacillus	2767889
Oenococcus	46254
Paralactobacillus	1578
Paucilactobacillus	2767890
Pediococcus	1253
Schleiferilactobacillus	2767891
Secundilactobacillus	2767892
Weissella	46255
Brochothrix	2755
Listeria	1637
Floricoccus	1930830
Lactococcus	1357
Lactovum	303226
Pilibacter	337670
Streptococcus	1301
Vagococcus	2737
Candidatus Bacilloplasma	467747
Candidatus Lumbricincola	483197
Mycoplasma	2093
Ureaplasma	2129
Ammoniibacillus	1615910
Ammoniphilus	66862
Cohnella	329857
Fontibacillus	995014
Oxalophagus	44262
Paenibacillus	44249
Saccharibacillus	456492
Thermobacillus	76632
Xylanibacillus	1975703
Gemella	1378
Aliicoccus	1647178
Jeotgalicoccus	227979
Macrococcus	69965
Nosocomiicoccus	489909
Salinicoccus	45669
Staphylococcus	1279
Hydrogenibacillus	1609627
Thermicanus	94008
Baia	1763552
Geothermomicrobium	1649452
Hazenella	1343556
Kroppenstedtia	1274351
Laceyella	292635
Lihuaxuella	1522429
Melghirimyces	1236218
Novibacillus	1677050
Pasteuria	86004
Planifilum	332100
Polycladomyces	1348505
Risungbinella	1763555
Seinonella	292637
Shimazuella	471798
Thermoactinomyces	2023
Thermoflavimicrobium	292636
Caldicoprobacter	715222
Catabacter	990721
Christensenella	990721
Caloramator	44258
Fervidicella	1403538
Fonticella	1434004
Thermobrachium	150333
Anaerobacter	1485
Candidatus Arthromitus	49082
Haloimpatiens	1755832
Hathewaya	1769729
Oceanirhabdus	1434026
Proteiniclasticum	1155385
Sarcina	1266
Youngiibacter	1408818
Oxobacter	44261
Alkalibacter	274470
Anaerofustis	264995
Acetobacterium	33951
Eubacterium	1730
Pseudoramibacter	113286
Garciella	218204
Irregularibacter	1918521
Defluviitalea	1185408
Abyssivirga	1792300
Acetatifactor	1427378
Acetitomaculum	31980
Agathobacter	1766253
Anaerobium	1855714
Anaerocolumna	1843210
Anaerosporobacter	653683
Anaerostipes	207244
Blautia	572511
Butyrivibrio	830
Catenibacillus	2316203
Catonella	43996
Cellulosilyticum	698776
Coprococcus	33042
Dorea	189330
Eisenbergiella	1432051
Epulopiscium	2383
Frisingicoccus	1918511
Fusicatenibacter	1407607
Herbinix	1663717
Hespellia	241189
Howardella	404402
Hungatella	1649459
Johnsonella	43994
Lachnoanaerobaculum	1164882
Lachnoclostridium	1506553
Lachnospira	28050
Lachnotalea	1763508
Lactonifactor	420345
Marvinbryantia	248744
Mobilitalea	1649471
Moryella	437755
Murimonas	1774128
Natranaerovirga	1434023
Oribacterium	265975
Pseudobutyrivibrio	46205
Robinsoniella	588605
Roseburia	841
Sellimonas	1769710
Shuttleworthia	177971
Stomatobaculum	1213720
Syntrophococcus	84036
Tyzzerella	1506577
Vallitalea	1348611
Monoglobus	2039302
Butyricicoccus	580596
Acetanaerobacterium	258514
Ethanoligenens	253238
Acetivibrio	35829
Anaerobacterium	1486725
Cellulosibacter	1246649
Ercella	1649284
Fastidiosipila	236752
Hungateiclostridium	35829
Mageeibacillus	1637257
Pseudobacteroides	1486726
Pseudoclostridium	2304693
Ruminiclostridium	1508657
Saccharofermentans	1200657
Thermoclostridium	2304691
Colidextribacter	1980681
Flavonifractor	946234
Intestinimonas	1392389
Oscillibacter	459786
Oscillospira	119852
Papillibacter	100175
Pseudoflavonifractor	1017280
Sporobacter	44748
Anaerofilum	52784
Anaerotruncus	244127
Angelakisella	1935176
Candidatus Soleaferrea	1470353
Caproiciproducens	1738645
Faecalibacterium	216851
Fournierella	1940255
Harryflintia	1892380
Negativibacillus	1980693
Paludicola	2038676
Phocea	3028852
Pygmaiobacter	1929305
Ruminococcus	1263
Subdoligranulum	292632
Dehalobacterium	51514
Desulfitispora	1006482
Desulfonispora	83660
Peptococcus	2740
Acidaminobacter	65402
Anaerovorax	109326
Mogibacterium	86331
Caminicella	166484
Paramaledivibacter	1884934
Dethiosulfatibacter	448125
Anaerococcus	165779
Anaerosalibacter	1347386
Anaerosphaera	1273095
Ezakiella	1582879
Fenollaria	1686313
Finegoldia	150022
Gallicola	162290
Helcococcus	31983
Keratinibaculum	1354809
Murdochiella	1161127
Parvimonas	543311
Peptoniphilus	162289
Soehngenia	253255
Sporanaerobacter	165812
Tepidimicrobium	285105
Tissierella	41273
Fusibacter	76008
Acetoanaerobium	186831
Asaccharospora	1505660
Clostridioides	1870884
Filifactor	44259
Intestinibacter	1505657
Paeniclostridium	1849828
Paraclostridium	1849822
Peptoclostridium	1481960
Peptostreptococcus	1257
Proteocatella	181069
Romboutsia	1501226
Sporacetigenium	360541
Tepidibacter	214904
Terrisporobacter	1505652
Proteiniborus	415014
Sedimentibacter	190972
Anaerosolibacter	1780299
Crassaminicella	1848399
Geosporobacter	390805
Salimesophilobacter	1434040
Thermotalea	648799
Thermincola	278993
Desulfitobacterium	36853
Desulfosporosinus	79206
Heliobacillus	28063
Heliobacterium	2697
Candidatus Dichloromethanomonas	1930291
Dehalobacter	56112
Desulfothermobacter	2079011
Thermodesulfitimonas	1914252
Candidatus Desulforudis	471826
Carboxydothermus	129957
Desulfofarcimen	2282742
Desulfohalotomaculum	2282743
Desulfotomaculum	1562
Desulfofundulus	2282741
Desulfurispora	510701
Cryptanaerobacter	290184
Pelotomaculum	191373
Candidatus Contubernalis	338648
Dethiobacter	427925
Thermolithobacter	335382
Limnochorda	1676651
Desulfitibacter	293136
Moorella	44260
Natranaerobius	375928
Natronovirga	759413
Acidaminococcus	904
Phascolarctobacterium	33024
Succiniclasticum	40840
Succinispira	78119
Anaerovibrio	82373
Centipeda	82202
Megamonas	158846
Mitsuokella	52225
Pectinatus	864
Propionispira	84034
Quinella	1567
Schwartzia	55506
Selenomonas	970
Zymophilus	84034
Acetonema	2373
Anaerosinus	151037
Anaerospora	244825
Anaerosporomusa	1794910
Dendrosporobacter	146813
Pelosinus	365348
Propionispora	112902
Sporolituus	909931
Sporomusa	2375
Thermosinus	261684
Allisonella	209879
Anaeroglobus	156454
Dialister	39948
Megasphaera	906
Negativicoccus	909928
Veillonella	29465
Sulfobacillus	28033
Symbiobacterium	2733
Pelospora	109324
Syntrophomonas	862
Syntrophothermus	129001
Thermosyntropha	54293
Syntrophaceticus	862071
Thermacetogenium	140458
Thermaerobacter	73918
Carboxydocella	178898
Caldicellulosiruptor	44000
Thermoanaerobacterium	28895
Mahella	252965
Brockia	1648500
Caldanaerobacter	249529
Caldanaerobius	862261
Caloribacterium	1263959
Thermanaeromonas	202949
Thermoanaerobacter	1754
Cetobacterium	180162
Fusobacterium	848
Ilyobacter	167639
Propionigenium	2332
Psychrilyobacter	623282
Caviibacter	1792239
Hypnocyclicus	1940855
Leptotrichia	32067
Oceanivirga	1824856
Sebaldella	32068
Sneathia	168808
Streptobacillus	34104
Gemmatimonas	173479
Gemmatirosa	1706036
Roseisolibacter	2093335
Longimicrobium	1804994
Halanaerobium	2330
Halarsenatibacter	630723
Halocella	46466
Halothermothrix	32636
Fuchsiella	1242734
Halanaerobacter	42418
Halanaerobaculum	644353
Halonatronum	150059
Natroniella	52003
Orenia	46468
Sporohalobacter	973
Candidatus Hydrogenedens	1462415
Candidatus Latescibacter	1432311
Candidatus Methylomirabilis	1170227
Candidatus Moduliflexus	1940406
Anaeromyxobacter	161492
Aggregicoccus	1470623
Angiococcus	47
Archangium	47
Corallococcus	83461
Cystobacter	42
Myxococcus	32
Pyxidicoccus	224458
Stigmatella	40
Vitiosangium	1945896
Vulgatibacter	1524214
Haliangium	162027
Enhygromyxa	215802
Nannocystis	53
Plesiocystis	191767
Pseudenhygromyxa	1324129
Phaselicystis	651810
Aetherobacter	888829
Byssovorax	224459
Jahnella	224461
Labilithrix	1524217
Minicystis	1649470
Pajaroellobacter	1882917
Polyangium	55
Sorangium	39643
Sandaracinus	1055688
Nitrospina	35800
Leptospirillum	179
Nitrospira	1234
Candidatus Magnetobacterium	40118
Candidatus Magnetoovum	995729
Thermodesulfovibrio	28261
Candidatus Paceibacter	1432328
Candidatus Saccharimonas	1331051
Candidatus Anammoxoglobus	363278
Candidatus Brocadia	380240
Candidatus Jettenia	360731
Candidatus Kuenenia	380738
Candidatus Scalindua	236756
Algisphaera	1472699
Phycisphaera	666508
Tepidisphaera	1771356
Fimbriiglobus	1914234
Gemmata	113
Telmatocola	1382832
Tuwongella	2051044
Zavarzinella	600332
Aquisphaera	1511635
Isosphaera	127
Paludisphaera	1763521
Singulisphaera	466152
Tundrisphaera	2029859
Blastopirellula	265487
Bythopirellula	1400386
Candidatus Anammoximicrobium	1441942
Pirellula	123
Rhodopirellula	265488
Roseimaritima	1579506
Rubripirellula	1579505
Thermogutta	1676125
Gimesia	1649453
Fuerstia	204225
Planctomicrobium	1779141
Rubinisphaera	1649490
Planctopirus	1649480
Schlesneria	656899
Acetobacter	434
Acidicaldus	368783
Acidiphilium	522
Acidisoma	512381
Acidisphaera	50714
Acidocella	50709
Acidomonas	34000
Ameyamaea	442968
Asaia	91914
Belnapia	365532
Bombella	1654741
Commensalibacter	1079922
Endobacter	1649268
Gluconacetobacter	89583
Gluconobacter	441
Komagataeibacter	1434011
Muricoccus	125216
Neokomagataea	1223423
Nguyenibacter	1519186
Rhodopila	1070
Rhodovarius	268408
Rhodovastum	504465
Roseococcus	35812
Roseomonas	125216
Rubritepida	182402
Saccharibacter	231052
Swaminathania	209260
Tanticharoenia	444052
Elioraea	457933
Acuticoccus	1904377
Neomegalonema	356797
Azospirillum	191
Desertibacter	1400063
Nitrospirillum	1543705
Niveispirillum	1543704
Rhodocista	34023
Skermanella	204447
Stella	93
Inquilinus	171673
Caedibacter	28905
Candidatus Nucleicultrix	1509243
Asticcacaulis	76890
Brevundimonas	41275
Caulobacter	75
Phenylobacterium	20
Algimonas	1246884
Euryhalocaulis	1712422
Fretibacter	1649331
Hellea	574559
Henriciella	453849
Hirschia	2723
Hyphobacterium	2004661
Hyphomonas	85
Litorimonas	1167830
Maricaulis	74317
Oceanicaulis	153232
Ponticaulis	1123044
Robiginitomaculum	437506
Amphiplicatus	1519373
Hyphococcus	2038635
Marinicaulis	2174441
Parvularcula	208215
Defluviicoccus	111830
Dongia	1146845
Aliidongia	1914229
Elstera	1091044
Emcibacter	1602338
Ferrovibrio	1231242
Candidatus Bealeia	1920992
Candidatus Gortzia	1234608
Candidatus Paraholospora	679162
Holospora	44747
Fodinicurvata	1121829
Limimonas	1434015
Rhodovibrio	85274
Kiloniella	454159
Limibacillus	1848396
Pelagibius	643951
Tagaea	1755817
Tistlia	1321364
Iodidimonas	2066486
Kordiimonas	288021
Eilatimonas	1434000
Temperatibacter	1549129
Micavibrio	213485
Micropepsis	1921569
Rhizomicrobium	1241326
Candidatus Captivus	679161
Candidatus Finniella	1777753
Candidatus Paracaedibacter	1521255
Parvibaculum	256616
Rhodoligotrophos	987053
Tepidicaulis	1742977
Constrictibacter	1076933
Candidatus Puniceispirillum	767891
Reyranella	445219
Ancalomicrobium	204472
Beijerinckia	532
Bosea	85413
Camelimonas	1017183
Chelatococcus	28209
Methylocapsa	184923
Methylocella	120652
Methylocystis	133
Methyloferula	1143004
Methylorosula	1277353
Methylosinus	425
Methylovirgula	1156568
Microvirga	186650
Pseudochelatococcus	1654719
Psychroglaciecola	1649484
Qingshengfania	1654719
Rhodoblastus	168658
Roseiarcus	1643958
Salinarimonas	690086
Arsenicitalea	1911566
Cucumibacter	1121251
Devosia	46913
Maritalea	623276
Methyloterrigena	1738648
Paradevosia	1573407
Pelagibacterium	1082930
Youhaiella	1827478
Filomicrobium	119044
Hyphomicrobium	81
Pedomicrobium	47494
Kaistia	166953
Labrys	204476
Lutibaculum	1358438
Methyloceanibacter	1484898
Rhodobium	34016
Albibacter	160700
Hansschlegelia	444599
Methylopila	61653
Chthonobacter	1926253
Pleomorphomonas	261933
Prosthecomicrobium	81894
Ahrensia	152180
Aliihoeflea	610116
Aminobacter	31988
Aquamicrobium	69278
Aurantimonas	182269
Aureimonas	414371
Bartonella	773
Brucella	234
Candidatus Hodgkinia	573657
Chelativorans	449972
Ciceribacter	1648508
Cohaesibacter	655352
Corticibacterium	1840210
Ensifer	106591
Falsochrobactrum	1649292
Fulvimarina	217510
Hoeflea	274591
Jiella	1775688
Lentilitoribacter	1649463
Martelella	293088
Mesorhizobium	68287
Mycoplana	13159
Neorhizobium	1525371
Nitratireductor	245876
Ochrobactrum	528
Oricola	1594166
Paenochrobactrum	999488
Paramesorhizobium	1759400
Phyllobacterium	28100
Pseudahrensia	1434035
Pseudaminobacter	93368
Pseudochrobactrum	354349
Pseudohoeflea	1915405
Pseudorhizobium	1903858
Roseitalea	1915401
Shinella	323620
Tianweitania	1763452
Alsobacter	1502180
Anderseniella	444432
Bauldia	1145345
Dichotomicrobium	204474
Nordella	169055
Phreatobacter	1632780
Afifella	643217
Amorphus	580880
Tepidamorphus	747074
Rhodomicrobium	1068
Agaricicola	1364858
Breoghania	1406135
Labrenzia	478070
Nesiotobacter	500577
Pannonibacter	227873
Pseudovibrio	258255
Rhodothalassium	85273
Roseibium	150830
Stappia	152161
Thermopetrobacter	1495041
Afipia	1033
Ancylobacter	99
Azorhizobium	6
Blastochloris	59282
Bradyrhizobium	374
Methylorhabdus	61655
Nitrobacter	911
Oligotropha	1033
Pseudolabrys	556257
Pseudorhodoplanes	1734920
Pseudoxanthobacter	433838
Rhodoplanes	29407
Rhodopseudomonas	1073
Starkeya	152053
Tardiphaga	1395974
Variibacter	1649510
Xanthobacter	279
Actibacterium	1433986
Aestuariibius	2109360
Aestuariicoccus	2054427
Aestuariihabitans	1485945
Albidovulum	205889
Albimonas	663242
Albirhodobacter	1537716
Aliiroseovarius	1658781
Amaricoccus	56999
Amylibacter	1617805
Antarctobacter	74032
Aquimixticola	1774278
Ascidiaceihabitans	1648492
Boseongicola	1648497
Brevirhabdus	1855413
Celeribacter	875170
Cereibacter	1653176
Citreicella	282682
Citreimonas	608658
Cognatishimia	2211635
Cognatiyoonia	2211636
Confluentimicrobium	1433986
Cribrihabitans	1604279
Defluviimonas	1097466
Dinoroseobacter	309512
Donghicola	393277
Epibacterium	1649279
Falsirhodobacter	1434002
Flavimaricola	2211637
Frigidibacter	1775705
Gemmobacter	204456
Haematobacter	366614
Halocynthiibacter	1579315
Halodurantibacterium	1822382
Halovulum	1844498
Hasllibacter	1434008
Hwanghaeicola	1400058
Jannaschia	188905
Jhaorihella	1511750
Ketogulonicigenium	92944
Lacimonas	1941108
Leisingera	191028
Lentibacter	1434014
Limibaculum	2036011
Limimaricola	2211638
Litoreibacter	947567
Litorisediminivivens	1890287
Loktanella	245186
Lutimaribacter	490828
Mameliella	1434019
Maribius	387095
Marinibacterium	1931200
Marinovum	367771
Maritimibacter	404235
Marivita	659428
Marivivens	1759396
Natronohydrobacter	87171
Nautella	481445
Nereida	282198
Nioella	1775424
Oceanibulbus	60136
Oceanicella	1233054
Oceanicola	252301
Oceaniovalibus	1207070
Oceanobacterium	1123955
Octadecabacter	53945
Pacificibacter	1042323
Paenirhodobacter	1470577
Paracoccus	265
Pelagibaca	360528
Pelagicola	765413
Pelagimonas	1434029
Phaeobacter	302485
Planktomarina	1284657
Planktotalea	1195766
Plastorhodobacter	1663682
Pontibaca	1400059
Ponticoccus	983507
Pontivivens	1844015
Primorskyibacter	1068904
Profundibacterium	1258570
Pseudaestuariivita	2211639
Pseudodonghicola	1649481
Pseudooceanicola	1679449
Pseudooctadecabacter	1686374
Pseudophaeobacter	1541822
Pseudorhodobacter	238783
Pseudoroseicyclus	1813601
Pseudoruegeria	311411
Puniceibacterium	1608404
Rhodobaca	119541
Rhodobacter	1060
Rhodobaculum	1640884
Rhodovulum	34008
Roseibaca	1400060
Roseibacterium	159345
Roseicyclus	336277
Roseinatronobacter	121820
Roseisalinus	289239
Roseivivax	93682
Roseobacter	2433
Roseovarius	74030
Rubellimicrobium	295418
Rubribacterium	704105
Rubrimonas	89523
Ruegeria	97050
Sagittula	58842
Salinihabitans	1398404
Sedimentitalea	1541818
Sediminimonas	659427
Seohaeicola	481178
Shimia	573139
Silicimonas	1955420
Sulfitobacter	60136
Tabrizicola	1443919
Tateyamaria	299261
Thalassobius	335927
Thalassococcus	436357
Thiobacimonas	263377
Thioclava	285107
Tranquillimonas	1400062
Tropicibacter	599653
Tropicimonas	599652
Vadicella	875170
Wenxinia	653686
Yangia	2919626
Youngimonas	1649513
Magnetospira	1182780
Magnetovibrio	1313115
Varunaivibrio	1866954
Magnetospirillum	13134
Phaeospirillum	85265
Telmatospirillum	382513
Caenispirillum	414051
Candidatus Riegeria	1068873
Haematospirillum	1804663
Insolitispirillum	660628
Marispirillum	651700
Roseospira	86671
Roseospirillum	83400
Aestuariispira	1647175
Terasakiella	196080
Thalassospira	168934
Anaplasma	768
Candidatus Cryptoplasma	1718587
Candidatus Neoehrlichia	467749
Candidatus Xenohaliotis	1647409
Ehrlichia	943
Neorickettsia	33993
Wolbachia	953
Candidatus Anadelfobacter	796081
Candidatus Lariskella	1175554
Candidatus Midichloria	411566
Candidatus Cryptoprodotis	672771
Candidatus Gigarickettsia	1522200
Candidatus Hemipteriphilus	1862314
Candidatus Megaira	1742636
Orientia	69474
Rickettsia	780
Sneathiella	510690
Altererythrobacter	361177
Blastomonas	150203
Croceicoccus	1295327
Erythrobacter	1041
Hephaestia	1445609
Novosphingobium	165696
Parablastomonas	1654718
Parasphingopyxis	1234545
Polymorphobacter	1508451
Porphyrobacter	1111
Qipengyuania	1855416
Rhizorhapis	1649487
Sandaracinobacter	56358
Sandarakinorhabdus	362865
Sphingoaurantiacus	1738651
Sphingobium	165695
Sphingomicrobium	1227948
Sphingomonas	13687
Sphingopyxis	165697
Sphingorhabdus	1434046
Sphingosinicella	335405
Stakelama	1124625
Zymomonas	541
Nisaea	390876
OM75 clade	1233501
Oceanibaculum	659693
Thalassobaculum	526215
Arboricoccus	2066435
Candidatus Alysiosphaera	356778
Geminicoccus	489140
Tistrella	171436
Zavarzinia	204446
Acidiferrobacter	986106
Sulfurifustis	1692042
Acidithiobacillus	119977
Thermithiobacillus	119979
Arenicella	904708
Candidatus Thiosymbion	1907535
Perspicuibacter	1617892
Thiolapillus	1608298
Beggiatoa	1021
Candidatus Isobeggiatoa	1034939
Candidatus Maribeggiatoa	1034938
Candidatus Marithioploca	1034937
Candidatus Marithrix	1031282
Candidatus Parabeggiatoa	1034941
Thiomargarita	90372
Thioploca	40751
Achromobacter	222
Advenella	290425
Alcaligenes	507
Ampullimonas	1920247
Basilea	1472344
Bordetella	517
Candidimonas	1074468
Castellaniella	359336
Derxia	203697
Eoetvoesia	1477505
Kerstersia	257820
Oligella	90243
Orrella	1921582
Paenalcaligenes	1100891
Paralcaligenes	1148163
Parapusillimonas	1403714
Parvibium	2109346
Pelistega	106146
Pigmentiphaga	152267
Pusillimonas	305976
Taylorella	29574
Verticiella	1835332
Aquaspirillum	187
Laribacter	168470
Microvirgula	57479
Rivicola	1649488
Candidatus Glomeribacter	224135
Candidatus Tremblaya	189384
Cupriavidus	106589
Lautropia	47670
Limnobacter	131079
Mycoavidus	1810868
Pandoraea	93217
Polynucleobacter	44013
Ralstonia	48736
Robbsia	2038280
Candidatus Branchiomonas	1176416
Amantichitinum	1433987
Chitinibacter	230666
Chitiniphilus	585890
Deefgea	400947
Formivibrio	83764
Iodobacter	32014
Jeongeupia	885864
Silvimonas	300264
Chitinimonas	240411
Chitinivorax	1433992
Aquitalea	407217
Chromobacterium	535
Crenobacter	1654931
Paludibacterium	400060
Pseudogulbenkiania	568394
Vogesella	57739
Acidovorax	12916
Alicycliphilus	201096
Aquabacterium	92793
Azohydromonas	312063
Brachymonas	28219
Caenimonas	763439
Caldimonas	196013
Candidatus Symbiobacter	1436289
Comamonas	283
Corticibacter	1758230
Curvibacter	281915
Delftia	80865
Diaphorobacter	238749
Extensimonas	1434001
Giesbergeria	352449
Hydrogenophaga	47420
Hylemonella	232523
Ideonella	36862
Inhella	644355
Kinneretia	683756
Lampropedia	198705
Leptothrix	88
Limnohabitans	665874
Macromonas	183669
Malikia	263066
Methylibium	316612
Mitsuaria	65047
Ottowia	219181
Paucibacter	318147
Pelomonas	335058
Piscinibacter	1114981
Polaromonas	52972
Pseudacidovorax	433923
Pseudorhodoferax	747294
Ramlibacter	174951
Rhizobacter	212743
Rhodoferax	28065
Rivibacter	1146865
Roseateles	93681
Rubrivivax	28067
Schlegelella	215579
Simplicispira	352450
Sphaerotilus	34102
Tepidicella	360239
Tepidimonas	114248
Thiomonas	32012
Tibeticola	1940136
Variovorax	34072
Verminephrobacter	364316
Xenophilus	151754
Xylophilus	54066
Zhizhongheella	196013
Ferrovum	416212
Candidatus Nitrotoga	453161
Ferriphaselus	1443590
Gallionella	96
Sideroxydans	314343
Hydrogenophilus	70774
Spirillum	967
Sulfuritortus	1938335
Tepidiphilus	203470
Thiobacillus	919
Thiobacter	279809
Leeia	650341
Candidatus Methylopumilus	1679002
Methylobacillus	404
Methylophilus	16
Methylotenera	359407
Methylovorus	81682
OM43 clade	1233498
Alysiella	194195
Conchiformibius	334107
Eikenella	538
Kingella	32257
Neisseria	482
Simonsiella	71
Snodgrassella	1193515
Stenoxybacter	422440
Uruburuella	299568
Vitreoscilla	59
Nitrosomonas	914
Nitrosospira	35798
Actimicrobium	1051898
Candidatus Nasuia	1301080
Candidatus Profftella	1381133
Candidatus Vidania	1191175
Collimonas	202907
Duganella	75654
Glaciimonas	1229970
Herbaspirillum	963
Herminiimonas	303379
Janthinobacterium	29580
Massilia	149698
Noviherbaspirillum	1344552
Oxalicibacterium	223927
Oxalobacter	846
Paraherbaspirillum	1649477
Paucimonas	157932
Pseudoduganella	1522432
Rugamonas	212744
Undibacterium	401469
Procabacter	167946
Azoarcus	12960
Azonexus	146936
Azospira	146937
Azovibrio	146935
Candidatus Accumulibacter	327159
Dechlorobacter	1472673
Dechloromonas	73029
Dechlorosoma	146937
Denitratisoma	311181
Denitromonas	139331
Ferribacterium	88875
Georgfuchsia	690621
Methyloversatilis	378210
Niveibacterium	1769726
Propionivibrio	83766
Quatrionicoccus	138117
Rhodocyclus	1064
Sterolibacterium	157591
Sulfurisoma	1499082
Sulfuritalea	1054211
Thauera	33057
Uliginosibacterium	392735
Zoogloea	349
Ferritrophicum	370406
Sulfuricella	935200
Sulfuriferula	1778653
Sulfurirhabdus	1738658
Parasutterella	577310
Sutterella	40544
Cardiobacterium	2717
Suttonella	13275
Ignatzschineria	112008
Wohlfahrtiimonas	582472
Achromatium	44937
Allochromatium	85072
Candidatus Thiobios	374666
Chromatium	1047
Halochromatium	85074
Lamprocystis	53452
Marichromatium	85076
Phaeochromatium	1330022
Rhabdochromatium	48728
Thioalkalicoccus	156972
Thiobaca	127457
Thiocapsa	1056
Thiocystis	13724
Thiodictyon	53392
Thioflavicoccus	156885
Thiohalobacter	1273155
Thiohalocapsa	85079
Thiolamprovum	82559
Thiophaeococcus	453580
Thiorhodococcus	57488
Thiorhodovibrio	61593
Candidatus Thiodiazotropha	1913444
Sedimenticola	349742
Candidatus Competibacter	221279
Candidatus Contendobacter	1400859
Plasticicumulans	1400827
Coxiella	776
Aquicella	254245
Diplorickettsia	59195
Rickettsiella	59195
Acidihalobacter	1765964
Ectothiorhodospira	1051
Halofilum	1929135
Thioalbus	1511694
Thioalkalivibrio	106633
Thiogranum	1617886
Thiohalomonas	397268
Thiohalospira	476278
Thiorhodospira	154346
Thiohalophilus	445670
Aeromonas	642
Oceanimonas	129577
Oceanisphaera	225143
Tolumonas	43947
Zobellella	347533
Aestuariibacter	249523
Agaribacter	1494561
Aliiglaciecola	1406885
Alishewanella	111142
Alteromonas	226
Bowmanella	366580
Catenovulum	1172191
Gayadomonas	1234605
Glaciecola	89404
Lacimicrobium	1751872
Neiella	1434025
Paraglaciecola	1621534
Pseudobowmanella	1940527
Rheinheimera	67575
Salinimonas	288793
Budvicia	82978
Leminorella	82980
Pragia	82984
Celerinatantimonas	412033
Colwellia	28228
Thalassotalea	1518149
Alkalimonas	265980
Atlantibacter	1903434
Buttiauxella	82976
Cedecea	158483
Citrobacter	544
Cronobacter	413496
Enterobacillus	1822002
Enterobacter	547
Franconibacter	1649295
Klebsiella	570
Kluyvera	579
Kosakonia	1330547
Lelliottia	1330545
Mangrovibacter	451512
Plesiomonas	702
Pluralibacter	1330546
Pseudocitrobacter	1504576
Raoultella	160674
Salmonella	590
Shimwellia	1335483
Trabulsiella	158851
Yokenella	158876
Candidatus Stammerula	442155
Erwinia	551
Izhakiella	1780190
Pantoea	53335
Phaseolibacter	1297562
Rosenbergiella	1356488
Siccibacter	1649298
Tatumella	82986
Gallaecimonas	745410
Edwardsiella	635
Aliidiomarina	1249554
Idiomarina	135575
Aliikangiella	1920241
Kangiella	261963
Pleionea	1502941
Arsenophonus	637
Buchnera	32199
Candidatus Benitsuchiphilus	1410382
Candidatus Blochmannia	203804
Candidatus Curculioniphilus	690591
Candidatus Ecksteinia	1076628
Candidatus Hamiltonella	568987
Candidatus Moranella	1048757
Candidatus Puchtella	1408812
Candidatus Purcelliella	472825
Candidatus Regiella	568988
Candidatus Riesia	401618
Candidatus Rosenkranzia	1414835
Moellerella	158848
Morganella	581
Photorhabdus	29487
Proteus	583
Providencia	586
Xenorhabdus	626
Moritella	58050
Paramoritella	543732
Candidatus Schmidhempelia	1505768
Frischella	1335631
Gilliamella	1193503
Orbus	743714
Actinobacillus	713
Aggregatibacter	416916
Avibacterium	292486
Basfia	697331
Bibersteinia	476528
Bisgaardia	109471
Caviibacterium	2070443
Cricetibacter	1648514
Frederiksenia	1649317
Gallibacterium	155493
Haemophilus	724
Histophilus	214906
Mannheimia	75984
Muribacter	1857532
Necropsobacter	908284
Otariodibacter	1249016
Pasteurella	745
Phocoenobacter	146805
Rodentibacter	1960084
Vespertiliibacter	1520333
Volucribacter	256730
Brenneria	71655
Dickeya	204037
Lonsdalea	1082702
Nissabacter	1964366
Pectobacterium	122277
Sodalis	84565
Algicola	296014
Pseudoalteromonas	53246
Psychrosphaera	907197
Agarivorans	261825
Motilimonas	1914248
Psychromonas	67572
Ferrimonas	44011
Psychrobium	1573826
Shewanella	22
Anaerobiospirillum	13334
Ruminobacter	866
Succinatimonas	674963
Succinimonas	83768
Succinivibrio	83770
Aliivibrio	511678
Candidatus Photodesmus	1076727
Catenococcus	94139
Enterovibrio	188143
Grimontia	246861
Photobacterium	657
Salinivibrio	51366
Thaumasiovibrio	2014233
Vibrio	662
Gibbsiella	929812
Serratia	613
Yersinia	629
Allofrancisella	1869285
Fangia	482136
Francisella	262
Acidibacter	1549619
Candidatus Berkiella	1755683
Candidatus Carsonella	114185
Candidatus Endonucleariobacter	1885586
Candidatus Ovatusbacter	1885582
Endothiovibrio	2004668
Marinicella	863253
Sulfuriflexus	1860077
Wenzhouxiangella	1676142
Granulosicoccus	437504
Halothiobacillus	109262
Thiofaba	552511
Thiovirga	307586
Guyparkeria	2035712
Thioalkalibacter	469655
Immundisolibacter	1934947
Legionella	445
Cycloclasticus	34067
Candidatus Methylospira	1808977
Methylocaldum	73778
Methylococcus	413
Methylomagnum	1760987
Methyloparacoccus	1649469
Methylohalobius	244364
Methylomarinovum	1486720
Methylothermus	317574
Crenothrix	200670
Methylobacter	429
Methyloglobulus	1410680
Methylomarinum	1221209
Methylomicrobium	39773
Methylomonas	416
Methyloprofundus	1565313
Methylosarcina	160800
Methylovulum	762296
Alkalispirillum	85924
Halorhodospira	85108
Sulfurivirga	364031
Aquisalimonas	406099
Arhodomonas	2368
Halopeptonella	1739105
Nitrococcus	35796
Spiribacter	1335745
Methylonatrum	455252
Methylophaga	40222
Candidatus Nitrosoglobus	1980513
Inmirania	1759371
Nitrosococcus	1227
Candidatus Endoecteinascidia	330062
Piscirickettsia	1237
Alcanivorax	59753
Ketobacter	2025617
Aestuariicella	1635133
Agaribacterium	2038244
Agarilytica	2036021
Candidatus Endobugula	62100
Cellvibrio	10
Eionea	1050833
Gilvimarinus	940550
Halioxenophilus	2108524
Maricurvus	1122283
Marinagarivorans	1792291
Marinimicrobium	359337
Pseudomaricurvus	1458243
Pseudoteredinibacter	1122284
Saccharophagus	316625
Teredinibacter	2425
Umboniibacter	745153
Endozoicomonas	305899
Kistimonas	1036132
Zooshikella	202771
Hahella	158481
Chromatocurvus	1132027
Congregibacter	393661
Haliea	475794
Halioglobus	1217416
Luminiphilus	1341118
Marimicrobium	1763473
Parahaliea	1857932
Pseudohaliea	1341120
Aidingimonas	1395977
Candidatus Evansia	1495768
Candidatus Portiera	235572
Carnimonas	64322
Chromohalobacter	42054
Cobetia	204286
Halomonas	2745
Halospina	332518
Halovibrio	576341
Kushneria	504090
Larsenimonas	1775121
Marinospirillum	64968
Modicisalibacter	574347
Salicola	332339
Salinicola	404432
Terasakiispira	1861843
Zymobacter	33073
Litoricola	418700
Marinobacter	2742
Marinomonas	28253
Microbulbifer	48073
Acinetobacter	469
Alkanindiges	222991
Cavicella	1930856
Enhydrobacter	212791
Fluviicoccus	1742986
Moraxella	475
Paraperlucidibaca	1268272
Perlucidibaca	661182
Permianibacter	1649479
Psychrobacter	497
Amphritea	515417
Balneatrix	75683
Corallomonas	1433994
Marinobacterium	48075
Motiliproteus	1775292
Neptuniibacter	459520
Neptunomonas	75687
Nitrincola	267849
Pontibacterium	2036025
Profundimonas	1437109
Oceanospirillum	965
Oleiphilus	141450
Porticoccus	1123967
SAR92 clade	745004
Pseudohongiella	1524249
Pseudospirillum	196078
Azomonas	69961
Azotobacter	352
Pseudomonas	286
Thiopseudomonas	1654787
Bermanella	599651
Gynuella	1445504
Litoribacillus	1264044
Oceaniserpentilla	450803
Oceanobacter	196079
Oleibacter	759360
Oleispira	188907
Reinekea	230494
Saccharospirillum	231683
Salinispirillum	1649491
Thalassolituus	187492
BD1-7 clade	744998
Dasania	503005
Litorivivens	1654711
Oceanicoccus	1084558
Sinobacterium	1434044
Spongiibacter	630749
Zhongshania	1434050
Candidatus Ruthia	1541743
Candidatus Thioglobus	655184
Candidatus Vesicomyosocius	2732587
SUP05 cluster	655184
Alkalimarinus	1858563
Algiphilus	1266053
Salinisphaera	180541
Alkanibacter	568387
Fontimonas	1434005
Hydrocarboniphaga	243627
Nevskia	64001
Oceanococcus	1558474
Panacagrimonas	381430
Polycyclovorans	1274363
Solimonas	413435
Povalibacter	1538468
Steroidobacter	469322
Woeseia	1738655
Candidatus Tenderia	1813600
Thiohalorhabdus	492233
Galenea	1522420
Hydrogenovibrio	28884
Thioalkalimicrobium	933
Thiomicrorhabdus	2039723
Thiomicrospira	933
Candidatus Navis	1905838
Cocleimonas	998014
Leucothrix	45247
Thiothrix	1030
Ahniella	2233801
Aquimonas	265718
Chiayiivirga	1648505
Chujaibacter	1931224
Dokdonella	323413
Dyella	231454
Frateuria	70411
Fulvimonas	155196
Luteibacter	242605
Metallibacterium	1218803
Mizugakiibacter	1544982
Oleiagrimonas	1649642
Pseudofulvimonas	999506
Rhodanobacter	75309
Rudaea	886360
Tahibacter	1453544
Arenimonas	490567
Luteimonas	83614
Lysobacter	68
Pseudoxanthomonas	83618
Rehaibacterium	1344362
Silanimonas	292713
Stenotrophomonas	40323
Thermomonas	141948
Vulcaniibacterium	1649512
Xanthomonas	338
Xylella	2370
Magnetococcus	162171
Mariprofundus	377315
Brachyspira	29521
Exilispira	568400
Brevinema	34096
Leptonema	32205
Leptospira	171
Turneriella	338321
Alkalispirochaeta	2024958
Borrelia	138
Borreliella	64895
Candidatus Marispirochaeta	1911565
Salinispira	1616789
Sediminispirochaeta	1911556
Sphaerochaeta	399320
Spirochaeta	146
Treponema	157
Sumerlaea	2315418
Acetomicrobium	49894
Aminiphilus	290731
Aminivibrio	1427172
Aminobacterium	81466
Aminomonas	81411
Candidatus Tammella	435139
Cloacibacillus	508459
Dethiosulfovibrio	47054
Fretibacterium	1434006
Lactivibrio	1508421
Pyramidobacter	638847
Synergistes	2753
Thermovirga	336260
Thermodesulfobium	227388
Thermosulfidibacter	412592
Mesotoga	1184396
Mesoaciditoga	1495038
Defluviitoga	1511648
Geotoga	28233
Marinitoga	160798
Oceanotoga	1255275
Petrotoga	28236
Fervidobacterium	2422
Thermosipho	2420
Pseudothermotoga	1643951
Thermotoga	2335
Chlamydia	810
Candidatus Piscichlamydia	263177
Candidatus Similichlamydia	1348235
Candidatus Protochlamydia	282132
Neochlamydia	112987
Parachlamydia	83551
Candidatus Fritschea	206680
Candidatus Renichlamydia	1177738
Candidatus Rhabdochlamydia	292833
Waddlia	71666
Kiritimatiella	1921784
Lentisphaera	256846
Oligosphaera	1313210
Victivallis	172900
Candidatus Omnitrophus	1431823
Candidatus Udaeobacter	1921511
Chthoniobacter	295577
Terrimicrobium	1649503
Candidatus Xiphinematobacter	134550
Alterococcus	78553
Cephaloticoccus	1849551
Diplosphaera	381755
Ereboglobus	2028344
Lacunisphaera	1961799
Opitutus	178440
Cerasicoccus	468938
Coraliomargarita	442430
Lentimonas	417293
Pelagicoccus	455433
Puniceicoccus	388745
Limisphaera	1775685
Oikopleura	34763
Pedosphaera	1032526
Akkermansia	239934
Haloferula	574899
Luteolibacter	518753
Persicirhabdus	518754
Roseibacillus	518755
Rubritalea	361050
Brevifollis	1383070
Prosthecobacter	48463
Roseimicrobium	1348508
Verrucomicrobium	2735
