Abditibacterium	2109263
Abiotrophia	46123
Abyssivirga	1792300
Acanthopleuribacter	442869
Acaricomes	291967
Acetanaerobacterium	258514
Acetatifactor	1427378
Acetitomaculum	31980
Acetivibrio	35829
Acetoanaerobium	186831
Acetobacter	434
Acetobacterium	33951
Acetobacteroides	1647173
Acetohalobium	28186
Acetomicrobium	49894
Acetonema	2373
Acholeplasma	2147
Achromatium	44937
Achromobacter	222
Acidaminobacter	65402
Acidaminococcus	904
Acidianus	12914
Acidibacillus	1765682
Acidibacter	1549619
Acidicaldus	368783
Acidicapsa	1078830
Acidiferrobacter	986106
Acidihalobacter	1765964
Acidilobus	105850
Acidimicrobium	53634
Acidiphilium	522
Acidipila	1000999
Acidiplasma	507753
Acidipropionibacterium	1912215
Acidisoma	512381
Acidisphaera	50714
Aciditerrimonas	1042325
Acidithiobacillus	119977
Acidithrix	1609233
Acidobacterium	33973
Acidocella	50709
Acidomonas	34000
Acidothermus	28048
Acidovorax	12916
Aciduliprofundum	379546
Acinetobacter	469
Acrocarpospora	90974
Acrosiphonia sp. SAG-127.80	2601987
Actibacter	449462
Actibacterium	1433986
Actimicrobium	1051898
Actinoallomurus	667113
Actinoalloteichus	65496
Actinobacillus	713
Actinobacteria bacterium CG2_30_50_142	1973895
Actinobaculum	76833
Actinocatenispora	390988
Actinocorallia	58108
Actinokineospora	39845
Actinomadura	1988
Actinomyces	1654
Actinomycetospora	402649
Actinophytocola	695999
Actinoplanes	1865
Actinopolymorpha	117156
Actinopolyspora	1849
Actinorectispora	1769723
Actinorhabdospora	1849525
Actinorugispora	1833962
Actinospica	414715
Actinosynnema	40566
Actinotalea	458839
Actinotignum	1653174
Acuticoccus	1904377
Adhaeribacter	299566
Adlercreutzia	447020
Advenella	290425
Aequorivita	153265
Aeribacillus	1055323
Aeriscardovia	240233
Aerococcus	1375
Aeromicrobium	2040
Aeromonas	642
Aeromonas hydrophila subsp. hydrophila	196023
Aeropyrum	56635
Aerosphaera	137460
Aestuariibacter	249523
Aestuariibaculum	1386924
Aestuariibius	2109360
Aestuariicella	1635133
Aestuariicoccus	2054427
Aestuariihabitans	1485945
Aestuariimicrobium	396388
Aestuariimonas	2109352
Aestuariispira	1647175
Aestuariivita	1608457
Aestuariivivens	1820275
Aetherobacter	888829
Afifella	643217
Afipia	1033
Agaribacter	1494561
Agaribacterium	2038244
Agaricicola	1364858
Agarilytica	2036021
Agarivorans	261825
Agathobacter	1766253
Aggregatibacter	416916
Aggregicoccus	1470623
Agreia	110934
Agrilactobacillus	2767875
Agrococcus	46352
Agromyces	33877
Ahniella	2233801
Ahrensia	152180
Aidingimonas	1395977
Akkermansia	239934
Albibacter	160700
Albidovulum	205889
Albimonas	663242
Albirhodobacter	1537716
Alcaligenes	507
Alcanivorax	59753
Algibacter	261827
Algicola	296014
Algimonas	1246884
Algiphilus	1266053
Algisphaera	1472699
Algitalea	1704274
Algivirga	1435426
Algoriella	1762932
Algorimarina	496430
Algoriphagus	246875
Aliagarivorans	882379
Alicycliphilus	201096
Alicyclobacillus	29330
Aliicoccus	1647178
Aliidiomarina	1249554
Aliidongia	1914229
Aliifodinibius	1397107
Aliiglaciecola	1406885
Aliihoeflea	610116
Aliikangiella	1920241
Aliiroseovarius	1658781
Aliivibrio	511678
Alishewanella	111142
Alistipes	239759
Aliterella	1827277
Alkalibacillus	331654
Alkalibacter	274470
Alkalibacterium	99906
Alkalibaculum	696745
Alkalicoccus	2005375
Alkaliflexus	286729
Alkalilimnicola	133193
Alkalimarinus	1858563
Alkalimonas	265980
Alkaliphilus	114627
Alkalispirillum	85924
Alkalispirochaeta	2024958
Alkalitalea	1193324
Alkanibacter	568387
Alkanindiges	222991
Allisonella	209879
Alloactinosynnema	674734
Allobacillus	1400133
Allobaculum	174708
Allobranchiibius	2040262
Allocatelliglobosispora	1400054
Allochromatium	85072
Allofrancisella	1869285
Allofustis	192987
Allohumibacter	1795636
Alloiococcus	1651
Allokutzneria	1137960
Allonocardiopsis	1647181
Alloprevotella	1283313
Allosalinactinospora	1631197
Alloscardovia	419014
Allostreptomyces	1914443
Alpinimonas	1132766
Alsobacter	1502180
Altererythrobacter	361177
Alteribacillus	1433300
Alterococcus	78553
Alteromonas	226
Alysiella	194195
Amantichitinum	1433987
Amaricoccus	56999
Ameyamaea	442968
Aminiphilus	290731
Aminivibrio	1427172
Aminobacter	31988
Aminobacterium	81466
Aminomonas	81411
Ammonifex	42837
Ammoniibacillus	1615910
Ammoniphilus	66862
Amnibacterium	1029631
Amorphus	580880
Amphibacillus	29331
Amphiplicatus	1519373
Amphritea	515417
Ampullimonas	1920247
Amycolatopsis	1813
Amylibacter	1617805
Amylolactobacillus	2767876
Anaerobacillus	704093
Anaerobacter	1485
Anaerobacterium	1486725
anaerobic digester metagenome	1263854
Anaerobiospirillum	13334
Anaerobium	1855714
Anaerobranca	42447
Anaerocella	1634949
Anaerococcus	165779
Anaerocolumna	1843210
Anaerofilum	52784
Anaerofustis	264995
Anaeroglobus	156454
Anaerolinea	233189
Anaeromicrobium	1929105
Anaeromusa	81463
Anaeromyxobacter	161492
Anaerophaga	177399
Anaeroplasma	2086
Anaerosalibacter	1347386
Anaerosinus	151037
Anaerosolibacter	1780299
Anaerosphaera	1273095
Anaerospora	244825
Anaerosporobacter	653683
Anaerosporomusa	1794910
Anaerostipes	207244
Anaerotruncus	244127
Anaerovibrio	82373
Anaerovirgula	561442
Anaerovorax	109326
Anaplasma	768
Ancalomicrobium	204472
Ancylobacter	99
Anderseniella	444432
Anditalea	1494913
Andreprevotia	397275
Aneurinibacillus	55079
Angelakisella	1935176
Angiococcus	47
Angulomicrobium	204473
Angustibacter	908626
Anoxybacillus	150247
Anoxynatronum	210622
Anseongella	1773450
Antarcticibacterium	2058174
Antarcticimonas	442727
Antarctobacter	74032
Anthococcus	1930830
Antricoccus	1920251
Apibacter	1778601
Apilactobacillus	2767877
Aquabacter	45402
Aquabacterium	92793
Aquamicrobium	69278
Aquaspirillum	187
Aquibacillus	1647190
Aquibacter	1502303
Aquicella	254245
Aquifex	2713
Aquiflexum	280472
Aquimarina	290174
Aquimixticola	1774278
Aquimonas	265718
Aquincola	391952
Aquipuribacter	1433988
Aquisalibacillus	485576
Aquisalimonas	406099
Aquisphaera	1511635
Aquitalea	407217
Arachidicoccus	1769012
Arboricoccus	2066435
Arcanobacterium	28263
Archaeoglobus	2233
Archangium	47
Arcicella	217140
Arcobacter	28196
Arcticibacter	1288026
Arcticiflavibacter	1738639
Ardenticatena	1382931
Arenibacter	178469
Arenicella	904708
Arenimonas	490567
Arenitalea	1476424
Arhodomonas	2368
Aridibacter	1562564
Armatimonas	1042315
Arsenicibacter	1914260
Arsenicicoccus	267408
Arsenicitalea	1911566
Arsenophonus	637
Arthrobacter	1663
Asaccharobacter	553372
Asaccharospora	1505660
Asaia	91914
Asanoa	195964
Ascidiaceihabitans	1648492
Ascidiimonas	1853701
Asinibacterium	1612198
Asteroleplasma	2152
Asticcacaulis	76890
Atlantibacter	1903434
Atopobacter	136491
Atopobium	1380
Atopococcus	269773
Atopostipes	292480
Aurantiacicella	1742980
Aurantimicrobium	1705353
Aurantimonas	182269
Aurantisolimonas	2125991
Aurantivirga	1737068
Auraticoccus	1278221
Aureibacillus	1930791
Aureibacter	1097443
Aureicoccus	1433989
Aureimarina	414367
Aureimonas	414371
Aureisphaera	1704230
Aureispira	365032
Aureitalea	1176327
Aureivirga	1433990
Auritidibacter	1160973
Austwickia	1184606
Avibacterium	292486
Azoarcus	12960
Azohydromonas	312063
Azomonas	69961
Azonexus	146936
Azorhizobium	6
Azorhizophilus	157913
Azospira	146937
Azospirillum	191
Azotobacter	352
Azovibrio	146935
Bacillus	1386
Bacteriovorax	146784
Bacteroides	816
Baia	1763552
Balnearium	223787
Balneatrix	75683
Balneola	455358
Barnesiella	397864
Barrientosiimonas	1535207
Bartonella	773
Bartsia sp. JPM2059	691774
Basfia	697331
Basilea	1472344
Bauldia	1145345
Bavariicoccus	697279
BD1-7 clade	744998
Bdellovibrio	958
Beggiatoa	1021
Beijerinckia	532
Belliella	232244
Bellilinea	475960
Belnapia	365532
Bergeriella	334108
Bergeyella	59735
Bermanella	599651
Bernardetia	1937972
Beutenbergia	84756
Bhargavaea	941338
Bibersteinia	476528
Bifidobacterium	1678
Bilophila	35832
bioreactor metagenome	1076179
Biostraticola	466108
Bisgaardia	109471
Bizionia	283785
Blastocatella	1281902
Blastochloris	59282
Blastococcus	38501
Blastomonas	150203
Blastopirellula	265487
Blattabacterium	34098
Blautia	572511
Bogoriella	56054
Bombella	1654741
Bombilactobacillus	2767878
Bombiscardovia	1159909
Bordetella	517
Borrelia	138
Borreliella	64895
Bosea	85413
Boseongicola	1648497
Boulardia latisquama	362387
Bounagaea	1931219
Bowmanella	366580
Brachybacterium	43668
Brachymonas	28219
Brachyspira	29521
Brackiella	124224
Bradymonas	1779136
Bradyrhizobium	374
Branchiibius	908251
Brassicibacter	1433991
Brenneria	71655
Breoghania	1406135
Brevibacillus	55080
Brevibacterium	1696
Brevifollis	1383070
Brevinema	34096
Brevirhabdus	1855413
Brevundimonas	41275
Breznakia	1854458
Brochothrix	2755
Brockia	1648500
Brooklawnia	369926
Brucella	234
Brumimicrobium	200473
Bryobacter	911113
Bryocella	1078860
Buchnera	32199
Budvicia	82978
Bulleidia	118747
Buttiauxella	82976
Butyricicoccus	580596
Butyricimonas	574697
Butyrivibrio	830
Byssovorax	224459
Bythopirellula	1400386
Caedibacter	28905
Caenimonas	763439
Caenispirillum	414051
Caldalkalibacillus	379065
Caldanaerobacter	249529
Caldanaerobius	862261
Caldanaerovirga	591374
Calderihabitans	1326739
Caldibacillus	1276290
Caldicellulosiruptor	44000
Caldicoprobacter	715222
Caldilinea	233191
Caldimicrobium	444090
Caldimonas	196013
Caldinitratiruptor	1006480
Caldisalinibacter	1640153
Caldisericum	693074
Caldisphaera	200414
Calditerricola	373053
Calditerrivibrio	545865
Caldithrix	187144
Caldivirga	76886
Calenema	1983114
Calidifontibacter	1158982
Caloramator	44258
Caloranaerobacter	171003
Caloribacterium	1263959
Calorithrix	1930613
Camelimonas	1017183
Caminibacter	191301
Caminicella	166484
Campylobacter	194
Candidatus Accumulibacter	327159
Candidatus Actinomarina	1389453
Candidatus Allobeggiatoa	1120144
Candidatus Altiarchaeum	1803512
Candidatus Alysiosphaera	356778
Candidatus Amoebophilus	281119
Candidatus Amphibiichlamydia	1290369
Candidatus Anadelfobacter	796081
Candidatus Anammoximicrobium	1441942
Candidatus Anammoxoglobus	363278
Candidatus Ancillula	1265508
Candidatus Annandia	1302410
Candidatus Aquiluna	529881
Candidatus Aquirestis	526862
Candidatus Arcanobacter	1699066
Candidatus Armantifilum	907288
Candidatus Arthromitus	49082
Candidatus Azobacteroides	511434
Candidatus Babela	1551504
Candidatus Bacilloplasma	467747
Candidatus Baumannia	198346
Candidatus Bealeia	1920992
Candidatus Benitsuchiphilus	1410382
Candidatus Berkiella	1755683
Candidatus Blochmannia	203804
Candidatus Branchiomonas	1176416
Candidatus Brocadia	380240
Candidatus Brownia	1010679
Candidatus Caldatribacterium	1454725
Candidatus Captivus	679161
Candidatus Cardinium	273135
Candidatus Carsonella	114185
Candidatus Chloroploca	1579476
Candidatus Chlorothrix	257502
Candidatus Chrysopegis	1855363
Candidatus Clavichlamydia	469811
Candidatus Cloacimonas	456826
Candidatus Competibacter	221279
Candidatus Contendobacter	1400859
Candidatus Contubernalis	338648
Candidatus Cryptoplasma	1718587
Candidatus Cryptoprodotis	672771
Candidatus Curculioniphilus	690591
Candidatus Cyrtobacter	796082
Candidatus Defluviella	1286310
Candidatus Desulfamplus	1246635
Candidatus Desulfofervidus	1902583
Candidatus Desulforudis	471826
Candidatus Dichloromethanomonas	1930291
Candidatus Ecksteinia	1076628
Candidatus Electronema	1859129
Candidatus Electrothrix	1859128
Candidatus Endobugula	62100
Candidatus Endoecteinascidia	330062
Candidatus Endolissoclinum	1263978
Candidatus Endomicrobium	1408194
Candidatus Endonucleariobacter	1885586
Candidatus Entotheonella	93171
Candidatus Evansia	1495768
Candidatus Finniella	1777753
Candidatus Flaviluna	500019
Candidatus Fokinia	1802983
Candidatus Fritschea	206680
Candidatus Gigarickettsia	1522200
Candidatus Gloeomargarita	1188227
Candidatus Glomeribacter	224135
Candidatus Gortzia	1234608
Candidatus Halobonum	1431544
Candidatus Haloectosymbiotes	1940141
Candidatus Haloredivivus	1117720
Candidatus Hamiltonella	568987
Candidatus Hartigia	1449912
Candidatus Heliomonas	1709445
Candidatus Hemipteriphilus	1862314
Candidatus Hemobacterium	493405
Candidatus Hepatincola	263960
Candidatus Hepatoplasma	295595
Candidatus Hodgkinia	573657
Candidatus Hydrogenedens	1462415
Candidatus Iainarchaeum	1462418
Candidatus Ishikawaella	409304
Candidatus Isobeggiatoa	1034939
Candidatus Jettenia	360731
Candidatus Jidaibacter	1891672
Candidatus Kinetoplastibacterium	33055
Candidatus Kleidoceria	862775
Candidatus Korarchaeum	498845
Candidatus Koribacter	658061
Candidatus Kryptobacter	1855364
Candidatus Kryptonium	1855365
Candidatus Kuenenia	380738
Candidatus Lariskella	1175554
Candidatus Latescibacter	1432311
Candidatus Limnoluna	507002
Candidatus Lumbricincola	483197
Candidatus Magnetananas	1141976
Candidatus Magnetobacterium	40118
Candidatus Magnetoglobus	418098
Candidatus Magnetomorum	1141978
Candidatus Magnetoovum	995729
Candidatus Maribeggiatoa	1034938
Candidatus Marispirochaeta	1911565
Candidatus Marithioploca	1034937
Candidatus Marithrix	1031282
Candidatus Megaira	1742636
Candidatus Mesochlamydia	1268264
Candidatus Metachlamydia	749220
Candidatus Methanofastidiosum	2666130
Candidatus Methanogranum	1577789
Candidatus Methanomethylicus	1915411
Candidatus Methanomethylophilus	1291539
Candidatus Methanoperedens	1392997
Candidatus Methanoplasma	1607807
Candidatus Methylomirabilis	1170227
Candidatus Methylopumilus	1679002
Candidatus Methylospira	1808977
Candidatus Microthrix	41949
Candidatus Midichloria	411566
Candidatus Moduliflexus	1940406
Candidatus Moranella	1048757
Candidatus Nanobsidianus	1996557
Candidatus Nanopusillus	1890407
Candidatus Nanosalinarum	1051667
Candidatus Nasuia	1301080
Candidatus Navis	1905838
Candidatus Neoehrlichia	467749
Candidatus Nitrosoarchaeum	1007082
Candidatus Nitrosocaldus	498374
Candidatus Nitrosoglobus	1980513
Candidatus Nitrosopelagicus	1593364
Candidatus Nitrososphaera	497726
Candidatus Nitrosotalea	1078904
Candidatus Nitrosotenuis	1825023
Candidatus Nitrotoga	453161
Candidatus Nucleicultrix	1509243
Candidatus Obscuribacter	1906156
Candidatus Odyssella	84646
Candidatus Omnitrophus	1431823
Candidatus Ovatusbacter	1885582
Candidatus Paceibacter	1432328
Candidatus Paenicardinium	362860
Candidatus Parabeggiatoa	1034941
Candidatus Paracaedibacter	1521255
Candidatus Paraholospora	679162
Candidatus Phaeomarinobacter	1541445
Candidatus Photodesmus	1076727
Candidatus Phytoplasma	33926
Candidatus Piscichlamydia	263177
Candidatus Planktoluna	500014
Candidatus Planktophila	622681
Candidatus Portiera	235572
Candidatus Profftella	1381133
Candidatus Protistobacter	1415196
Candidatus Protochlamydia	282132
Candidatus Puchtella	1408812
Candidatus Puniceispirillum	767891
Candidatus Purcelliella	472825
Candidatus Regiella	568988
Candidatus Renichlamydia	1177738
Candidatus Rhabdochlamydia	292833
Candidatus Riegeria	1068873
Candidatus Riesia	401618
Candidatus Rosenkranzia	1414835
Candidatus Rubidus	1851152
Candidatus Ruthia	1541743
Candidatus Saccharimonas	1331051
Candidatus Scalindua	236756
Candidatus Schmidhempelia	1505768
Candidatus Schneideria	1081630
Candidatus Similichlamydia	1348235
Candidatus Soleaferrea	1470353
Candidatus Solibacter	332162
Candidatus Stammerula	442155
Candidatus Stoquefichus	1470349
Candidatus Sulcia	336809
Candidatus Symbiobacter	1436289
Candidatus Symbiothrix	467084
Candidatus Syntrophoarchaeum	1912923
Candidatus Tammella	435139
Candidatus Tenderia	1813600
Candidatus Thermokryptus	1855362
Candidatus Thiobios	374666
Candidatus Thiodiazotropha	1913444
Candidatus Thioglobus	655184
Candidatus Thiopilula	1004497
Candidatus Thiosymbion	1907535
Candidatus Tokpelaia	1902578
Candidatus Tremblaya	189384
Candidatus Trichorickettsia	1522201
Candidatus Turbabacter	1885577
Candidatus Udaeobacter	1921511
Candidatus Uzinura	670955
Candidatus Vesicomyosocius	2732587
Candidatus Vestibaculum	411918
Candidatus Vidania	1191175
Candidatus Westeberhardia	1699619
Candidatus Xenohaliotis	1647409
Candidatus Xenolissoclinum	1442082
Candidatus Xiphinematobacter	134550
Candidatus Zinderia	884214
Candidimonas	1074468
Capnocytophaga	1016
Caproiciproducens	1738645
Carboxydocella	178898
Carboxydothermus	129957
Carboxylicivirga	1628153
Cardiobacterium	2717
Carnimonas	64322
Carnobacterium	2747
Caryophanon	33976
Castellaniella	359336
Catabacter	990721
Catalinimonas	1522128
Catellatospora	53365
Catellicoccus	300418
Catelliglobosispora	1121253
Catenibacillus	2316203
Catenibacterium	135858
Catenisphaera	1774107
Catenococcus	94139
Catenovulum	1172191
Catenulispora	414878
Catenuloplanes	33874
Catonella	43996
Caulobacter	75
Cavicella	1930856
Caviibacter	1792239
Caviibacterium	2070443
Cecembia	1187078
Cedecea	158483
Celeribacter	875170
Celerinatantimonas	412033
Cellulomonas	1707
Cellulophaga	104264
Cellulosibacter	1246649
Cellulosilyticum	698776
Cellulosimicrobium	157920
Cellvibrio	10
Cenarchaeum	46769
Centipeda	82202
Cephaloticoccus	1849551
Cerasibacillus	227864
Cerasicoccus	468938
Cereibacter	1653176
Cesiribacter	1133570
Cetobacterium	180162
Chamaetrichon capsulatum	2202518
Changchengzhania	2049301
Chania	1745211
Chelativorans	449972
Chelatococcus	28209
Chelonobacter	658623
Chiayiivirga	1648505
Chishuiella	1572663
Chitinibacter	230666
Chitinilyticum	551208
Chitinimonas	240411
Chitiniphilus	585890
Chitinivibrio	1505231
Chitinivorax	1433992
Chitinophaga	79328
Chlamydia	810
Chloracidobacterium	458032
Chlorobaculum	256319
Chlorobium	1091
Chloroflexus	1107
Chloroherpeton	100715
Chloronema	166588
Chlorosarcina brevispinosa	2491361
Chondromyces	50
Christensenella	990721
Chromatium	1047
Chromatocurvus	1132027
Chromobacterium	535
Chromohalobacter	42054
Chryseobacterium	59732
Chryseoglobus	1331730
Chryseolinea	1433993
Chryseomicrobium	889388
Chrysiogenes	118004
Chthoniobacter	295577
Chthonobacter	1926253
Chthonomonas	1077265
Chujaibacter	1931224
Chungangia	1246645
Ciceribacter	1648508
Citreicella	282682
Citreimonas	608658
Citreitalea	1534975
Citricoccus	169133
Citrifermentans	2883512
Citrobacter	544
Clavibacter	1573
Cloacibacillus	508459
Cloacibacterium	501783
Clostridiisalibacter	516086
Clostridioides	1870884
Cnuella	1648511
Cnuibacter	1759331
Cobetia	204286
Cocleimonas	998014
Coenonia	78328
Cognatishimia	2211635
Cognatiyoonia	2211636
Cohaesibacter	655352
Cohnella	329857
Colidextribacter	1980681
Collimonas	202907
Collinsella	102106
Colwellia	28228
Comamonas	283
Commensalibacter	1079922
Companilactobacillus	2767879
Compostimonas	1259734
compost metagenome	702656
Conchiformibius	334107
Conexibacter	191494
Confluentibacter	1763531
Confluentimicrobium	1433986
Congregibacter	393661
Constrictibacter	1076933
Conyzicola	1648520
Coprobacillus	100883
Coprobacter	1348911
Coprococcus	33042
Coprothermobacter	68335
Coraliomargarita	442430
Corallibacter	1511643
Corallococcus	83461
Corallomonas	1433994
Coralslurrinella	1775176
Coriobacterium	33870
Corticibacter	1758230
Corticibacterium	1840210
Corticicoccus	1914457
Corynebacterium	1716
Cosenzaea	1354333
Costertonia	343334
Couchioplanes	56433
Coxiella	776
Crassaminicella	1848399
Craurococcus	77583
Crenalkalicoccus	1820341
Crenobacter	1654931
Crenothrix	200670
Criblamydia	340070
Cribrihabitans	1604279
Cricetibacter	1648514
Croceibacter	216431
Croceicoccus	1295327
Croceitalea	574891
Crocinitomix	246873
Cronobacter	413496
Crossiella	130795
Cruoricaptor	1433995
Cryobacterium	69578
Cryomorpha	246876
Cryptanaerobacter	290184
Cryptobacterium	84162
Cryptosporangium	65502
Cucumibacter	1121251
Cuneatibacter	1918450
Cuniculiplasma	1747777
Cupriavidus	106589
Curtobacterium	2034
Curvibacter	281915
Cutibacterium	1912216
Cyclobacterium	68288
Cycloclasticus	34067
Cystobacter	42
Cytophaga	978
Dactylosporangium	35753
Daeguia	457476
Dasania	503005
Dechlorobacter	1472673
Dechloromonas	73029
Dechlorosoma	146937
Deefgea	400947
Deferribacter	53572
Deferrisoma	1125862
Defluviicoccus	111830
Defluviimonas	1097466
Defluviitalea	1185408
Defluviitoga	1511648
Dehalobacter	56112
Dehalobacterium	51514
Dehalobium	391607
Dehalococcoides	61434
Dehalogenimonas	670486
Deinobacterium	758601
Deinococcus	1298
Delftia	80865
Dellaglioa	2767880
Demequina	577469
Demetria	63958
Dendrobium catenatum	906689
Dendrosporobacter	146813
Denitratisoma	311181
Denitrobacterium	79603
Denitromonas	139331
Denitrovibrio	117999
Dermabacter	36739
Dermacoccus	57495
Dermatophilus	1862
Derxia	203697
Desemzia	82800
Desertibacter	1400063
Desmospora	500614
Desulfacinum	35836
Desulfarculus	453229
Desulfatibacillum	218207
Desulfatiferula	396320
Desulfatiglans	1549126
Desulfatirhabdium	497742
Desulfatitalea	1303912
Desulfitibacter	293136
Desulfitispora	1006482
Desulfitobacterium	36853
Desulfobacca	60892
Desulfobacter	2289
Desulfobacterium	2295
Desulfobacula	28222
Desulfobaculum	1433996
Desulfobotulus	48001
Desulfobulbus	893
Desulfocapsa	53318
Desulfocarbo	1535192
Desulfocella	89342
Desulfococcus	896
Desulfoconvexum	1649264
Desulfocurvus	700595
Desulfofaba	109169
Desulfofarcimen	2282742
Desulfofrigus	109166
Desulfofundulus	2282741
Desulfofustis	51194
Desulfoglaeba	361106
Desulfohalobium	45662
Desulfohalotomaculum	2282743
Desulfoluna	497721
Desulfomicrobium	898
Desulfomonile	2357
Desulfonatronobacter	1417297
Desulfonatronospira	488937
Desulfonatronovibrio	53244
Desulfonatronum	66848
Desulfonauticus	206664
Desulfonema	45654
Desulfonispora	83660
Desulfopila	429014
Desulfoplanes	1634037
Desulfoprunum	1654934
Desulforegula	153027
Desulforhabdus	39840
Desulforhopalus	40413
Desulfosalsimonas	377149
Desulfosarcina	2299
Desulfosoma	1148150
Desulfospira	53328
Desulfosporosinus	79206
Desulfotalea	109168
Desulfothermobacter	2079011
Desulfothermus	224474
Desulfotignum	115780
Desulfotomaculum	1562
Desulfovermiculus	339721
Desulfovibrio	872
Desulfovirga	149711
Desulfovirgula	418453
Desulfurella	33001
Desulfuribacillus	1543703
Desulfurispira	1007342
Desulfurispirillum	393029
Desulfurispora	510701
Desulfurivibrio	427922
Desulfurobacterium	64159
Desulfurococcus	2273
Desulfuromonas	890
Desulfuromusa	37817
Dethiobacter	427925
Dethiosulfatarculus	1775574
Dethiosulfatibacter	448125
Dethiosulfovibrio	47054
Devosia	46913
Devriesea	472568
Dialister	39948
Diaminobutyricimonas	1433997
Diaphorobacter	238749
Dichelobacter	869
Dichotomicrobium	204474
Dickeya	204037
Dictyoglomus	13
Dielma	1472649
Dietzia	37914
Dinghuibacter	1795363
Dinoroseobacter	309512
Diplorickettsia	59195
Diplosphaera	1148783
Diplosphaera	381755
Dissulfuribacter	1433998
Dissulfurimicrobium	1769732
Dissulfurirhabdus	1840207
Dokdonella	323413
Dokdonia	326319
Dolosicoccus	171413
Dolosigranulum	29393
Domibacillus	1433999
Donghicola	393277
Dongia	1146845
Dorea	189330
Draconibacterium	1471399
Dubosiella	1937008
Duganella	75654
Dyadobacter	120831
Dyella	231454
Dysgonomonas	156973
Echinicola	390846
Ectothiorhodosinus	233099
Ectothiorhodospira	1051
Edaphobacter	388463
Edaphobaculum	2039714
Edwardsiella	635
Effusibacillus	1502725
Eggerthella	84111
Eggerthia	1279384
Egibacter	1747770
Egicoccus	1755825
Ehrlichia	943
Eikenella	538
Eilatimonas	1434000
Eionea	1050833
Eisenbergiella	1432051
Eisenibacter	1937963
Ekhidna	447678
Elioraea	457933
Elizabethkingia	308865
Elstera	1091044
Elusimicrobium	423604
Emcibacter	1602338
Empedobacter	59734
Emticicia	312278
Endobacter	1649268
Endomicrobium	1408194
Endothiovibrio	2004668
Endozoicomonas	305899
Enhydrobacter	212791
Enhygromyxa	215802
Enorma	1472762
Ensifer	106591
Enteractinococcus	1164863
Enterobacillus	1822002
Enterobacter	547
Enterococcus	1350
Enterorhabdus	580024
Enteroscipio	2126006
Enterovibrio	188143
Entomoplasma	46238
Eoetvoesia	1477505
Epibacterium	1649279
Epulopiscium	2383
Ercella	1649284
Ereboglobus	2028344
Eremococcus	171412
Erwinia	551
Erysipelatoclostridium	1505663
Erysipelatoclostridium	3025755
Erysipelothrix	1647
Erythrobacter	1041
Estrella	483422
Ethanoligenens	253238
Eubacterium	1730
Eudoraea	446680
Euryhalocaulis	1712422
Euzebya	908623
Euzebyella	1287916
Exiguobacterium	33986
Exilispira	568400
Extensimonas	1434001
Ezakiella	1582879
Fabibacter	290180
Facklamia	66831
Faecalibacterium	216851
Faecalibaculum	1729679
Faecalicoccus	1573536
Faecalitalea	1573534
Falsarthrobacter	2109356
Falsibacillus	1270155
Falsiporphyromonas	1649291
Falsirhodobacter	1434002
Falsochrobactrum	1649292
Fangia	482136
Fastidiosipila	236752
Faucicola	1604696
Fenollaria	1686313
Fermentimonas	1784836
Ferribacterium	88875
Ferrimicrobium	121038
Ferrimonas	44011
Ferriphaselus	1443590
Ferrithrix	643949
Ferritrophicum	370406
Ferroglobus	54260
Ferroplasma	74968
Ferrovibrio	1231242
Ferrovum	416212
Ferruginibacter	1004303
Fervidicella	1403538
Fervidicoccus	685950
Fervidicola	555078
Fervidobacterium	2422
Fibrella	861914
Fibrisoma	861913
Fibrobacter	832
Fictibacillus	1329200
Filibacter	34100
Filifactor	44259
Filimonas	649460
Filobacillus	160794
Filobacterium	1740706
Filomicrobium	119044
Fimbriiglobus	1914234
Fimbriimonas	1005038
Finegoldia	150022
Flagellimonas	444459
Flammeovirga	59739
Flaviaesturariibacter	1789690
Flavicella	1644102
Flaviflexus	1522056
Flavihumibacter	1004301
Flavimaricola	2211637
Flavimarina	1606872
Flaviramulus	369400
Flavirhabdus	291183
Flavisolibacter	398041
Flavitalea	1210116
Flavivirga	1209327
Flavobacterium	237
Flavonifractor	946234
Flectobacillus	101
Flexibacter	992
Flexilinea	1769713
Flexistipes	2351
Flexithrix	70992
Flexivirga	1096776
Flindersiella	1434003
Floricoccus	1930830
Fluviicoccus	1742986
Fluviicola	332102
Fluviimonas	1383890
Fodinibacter	872112
Fodinibius	1397106
Fodinicola	435913
Fodinicurvata	1121829
Fontibacillus	995014
Fontibacter	881894
Fonticella	1434004
Fontimonas	1434005
Formivibrio	83764
Formosa	225842
Fournierella	1940255
Francisella	262
Franconibacter	1649295
Frankia	1854
Frateuria	70411
Frederiksenia	1649317
freshwater metagenome	449393
freshwater sediment metagenome	556182
Fretibacter	1649331
Fretibacterium	1434006
Friedmanniella	53387
Frigidibacter	1775705
Frigoribacterium	96492
Frischella	1335631
Frisingicoccus	1918511
Frondibacter	1655196
Frondihabitans	447237
Fructilactobacillus	2767881
Fructobacillus	559173
Fuchsiella	1242734
Fuerstia	1936111
Fuerstia	204225
Fulvibacter	426598
Fulvimarina	217510
Fulvimonas	155196
Fulvitalea	1434007
Fulvivirga	396811
Furfurilactobacillus	2767882
Fusibacter	76008
Fusicatenibacter	1407607
Fusobacterium	848
Gaetbulibacter	311207
Gaiella	1154586
Galbibacter	379068
Galbitalea	1484107
Galenea	1522420
Gallaecimonas	745410
Gallibacterium	155493
Gallicola	162290
Gallionella	96
Gangjinia	1400057
Garciella	218204
Gardnerella	2701
Garicola	1774136
Garritya	1937995
Gayadomonas	1234605
Geitlerinema	63132
Gelidibacter	49279
Gelria	189326
Gemella	1378
Geminicoccus	489140
Geminobacterium	1982970
Gemmata	113
Gemmatimonas	173479
Gemmatirosa	1706036
Gemmobacter	204456
Geoalkalibacter	392332
Geobacillus	129337
Geobacter	28231
Geodermatophilus	1860
Geofilum	1236988
Geoglobus	190818
Geojedonia	1649451
Geomicrobium	767528
Geopsychrobacter	271087
Georgenia	154116
Georgfuchsia	690621
Geosporobacter	390805
Geotalea	2910589
Geothermobacter	213223
Geothermobacterium	169299
Geothermomicrobium	1649452
Geothrix	44675
Geotoga	28233
Geovibrio	46200
Gibbsiella	929812
Giesbergeria	352449
Gilliamella	1193503
Gillisia	244698
Gilvibacter	379070
Gilvimarinus	940550
Gimesia	1649453
Glaciecola	89404
Glaciibacter	501022
Glaciihabitans	1649454
Glaciimonas	1229970
Globicatella	13075
Gloeocapsa	102231
Gluconacetobacter	89583
Gluconobacter	441
Glutamicibacter	1742989
Glycocaulis	1433402
Glycomyces	58113
Goodfellowiella	334857
Gordonia	2053
Gordonibacter	644652
Gottschalkia	1505664
Gracilaria chilensis	2510777
Gracilaria firma	2510791
Gracilaria vermiculophylla	2608709
Gracilibacillus	74385
Gracilibacter	342658
Gracilimonas	649462
Gramella	292691
Granulibacter	364409
Granulicatella	117563
Granulicella	940557
Granulicoccus	448176
Granulosicoccus	437504
Grimontia	246861
groundwater metagenome	717931
Gryllotalpicola	1195526
Guggenheimella	228923
Gulbenkiania	397456
Gulosibacter	256818
gut metagenome	749906
Guyparkeria	2035712
Gynuella	1445504
Haematobacter	366614
Haematomicrobium	1930924
Haematospirillum	1804663
Haemophilus	724
Hahella	158481
Haladaptatus	367188
Halalkalibacillus	392825
Halalkalicoccus	332246
Halanaeroarchaeum	1656823
Halanaerobacter	42418
Halanaerobaculum	644353
Halanaerobium	2330
Halapricum	1542963
Halarchaeum	744724
Halarcobacter	2321115
Halarsenatibacter	630723
Haliangium	162027
Haliea	475794
Halioglobus	1217416
Halioxenophilus	2108524
Haliscomenobacter	2349
Haloactinobacterium	626119
Haloactinopolyspora	1217101
Haloactinospora	405552
Haloarchaeobius	1269031
Haloarcula	2237
Halobacillus	45667
Halobacteriovorax	1652133
Halobacterium	2239
Halobacteroides	42417
Halobaculum	43927
Halobellus	1073986
Halobiforma	203193
Halocalculus	1779002
Halocella	46466
Halochromatium	85074
Halococcus	2249
Halocynthiibacter	1579315
Halodesulfovibrio	1912771
Halodesulfurarchaeum	1980514
Halodurantibacterium	1822382
Haloechinothrix	1425377
Haloferax	2251
Haloferula	574899
Halofilum	1929135
Halogeometricum	60846
Haloglycomyces	651553
Halogranum	695982
Halohasta	1450140
Haloimpatiens	1755832
Halolactibacillus	306539
Halolamina	1075397
Halomarina	871740
Halomicroarcula	1427149
Halomicrobium	203135
Halomonas	2745
Halonatronum	150059
Halonotius	869896
Haloparvum	1820337
Halopelagius	1008195
Halopenitus	1209988
Halopeptonella	1739105
Halopiger	387342
Haloplanus	376170
Haloplasma	471824
Halopolyspora	1649455
Haloquadratum	293431
Halorhabdus	146825
Halorhodospira	85108
Halorientalis	1073987
Halorubellus	1269048
Halorubrum	56688
Halorussus	1070314
Halosiccatus	1763447
Halosimplex	171163
Halospina	332518
Halostagnicola	353799
Halostella	1843185
Halotalea	376488
Haloterrigena	121871
Halothermothrix	32636
Halothiobacillus	109262
Halovenus	1377992
Halovibrio	576341
Halovivax	332951
Halovulum	1844498
Hamadaea	1121254
Hansschlegelia	444599
Hanstruepera	1707752
Haoranjiania	1890298
Harryflintia	1892380
Hartmannibacter	1572860
Hasllibacter	1434008
Hassallia	482629
Hathewaya	1769729
Hazenella	1343556
Helcobacillus	1161125
Helcococcus	31983
Helicobacter	209
Heliimonas	1649456
Heliobacillus	28063
Heliobacterium	2697
Heliophilum	150818
Heliorestis	79598
Hellea	574559
Henriciella	453849
Hephaestia	1445609
Herbaspirillum	963
Herbiconiux	881616
Herbidospora	28443
Herbihabitans	1884922
Herbinix	1663717
Herminiimonas	303379
Herpetosiphon	64
Hespellia	241189
Hippea	84404
Hirschia	2723
Histophilus	214906
Hoeflea	274591
Holdemanella	1573535
Holdemania	61170
Holophaga	35838
Holospora	44747
Holzapfelia	2767883
Homoserinibacter	1649457
Homoserinimonas	1434009
Hoppeia	1541817
hot springs metagenome	433727
Howardella	404402
Hoyosella	697025
Huakuichenia	1905746
Huanghella	1649458
Hugenholtzia	1937999
Humibacillus	556178
Humibacter	427753
Humitalea	1223303
Hungateiclostridium	35829
Hungatella	1649459
Hwangdonia	1649460
Hwanghaeicola	1400058
Hyalangium	224455
Hydrobacter	1774131
Hydrocarboniphaga	243627
Hydrogenibacillus	1609627
Hydrogenimonas	223785
Hydrogenispora	1501224
Hydrogenivirga	246263
Hydrogenoanaerobacterium	596767
Hydrogenobacter	939
Hydrogenobaculum	168657
Hydrogenophaga	47420
Hydrogenophilus	70774
Hydrogenothermus	133269
Hydrogenovibrio	28884
Hydrotalea	1004300
hydrothermal vent metagenome	652676
Hylemonella	232523
Hymenobacter	89966
hypersaline lake metagenome	904678
Hyperthermus	54247
Hyphobacterium	2004661
Hyphococcus	2038635
Hyphomicrobium	81
Hyphomonas	85
Hypnocyclicus	1940855
Hyunsoonleella	1080193
Iamia	467975
Ichthyenterobacterium	1775694
Ichthyobacterium	1755829
Ideonella	36862
Idiomarina	135575
Ignatzschineria	112008
Ignavibacterium	795750
Ignavigranum	89092
Ignicoccus	54258
Ignisphaera	334767
Ileibacterium	1937007
Ilumatobacter	682522
Ilyobacter	167639
Immundisolibacter	1934947
Imperialibacter	1649461
Imtechella	1165076
Indibacter	647744
Inhella	644355
Inmirania	1759371
Inquilinus	171673
Insolitispirillum	660628
Intestinibacter	1505657
Intestinimonas	1392389
Intrasporangium	53357
Iodidimonas	2066486
Iodobacter	32014
Irregularibacter	1918521
Isobaculum	142587
Isochromatium	85077
Isoptericola	254250
Isosphaera	127
Izhakiella	1780190
Izimaplasma	1912503
Jahnella	224461
Janibacter	53457
Jannaschia	188905
Janthinobacterium	29580
Jatrophihabitans	1434010
Jejudonia	1499144
Jejuia	762551
Jeongeupia	885864
Jeotgalibaca	1470540
Jeotgalibacillus	157226
Jeotgalicoccus	227979
Jhaorihella	1511750
Jiangella	281472
Jiella	1775688
Johnsonella	43994
Jonesia	43673
Jonquetella	428711
Joostella	453850
Kaistia	166953
Kallotenue	1508537
Kandleria	1279388
Kangiella	261963
Keratinibaculum	1354809
Kerstersia	257820
Ketobacter	2025617
Ketogulonicigenium	92944
Kibdelosporangium	2029
Kiloniella	454159
Kineococcus	33981
Kineosphaera	211469
Kineosporia	49184
Kingella	32257
Kinneretia	683756
Kiritimatiella	1921784
Kistimonas	1036132
Kitasatospora	2063
Klebsiella	570
Klenkia	2183612
Klugiella	580374
Kluyvera	579
Knoellia	136099
Kocuria	57493
Komagataeibacter	1434011
Kordia	221065
Kordiimonas	288021
Kosakonia	1330547
Kosmotoga	651456
Koukoulia	332652
Kouleothrix	186475
Kozakia	153497
Krasilnikovia	349312
Krasilnikoviella	1914244
Kribbella	182639
Kribbia	331525
Kriegella	574892
Kroppenstedtia	1274351
Ktedonobacter	363276
Kurthia	1649
Kushneria	504090
Kutzneria	43356
Kyrpidia	1129704
Kytococcus	57499
Labedaea	1434013
Labedella	390250
Labilibacter	1849718
Labilithrix	1524217
Labrenzia	478070
Labrys	204476
Laceyella	292635
Lachnoanaerobaculum	1164882
Lachnobacterium	140625
Lachnoclostridium	1506553
Lachnospira	28050
Lachnotalea	1763508
Lacibacter	649461
Lacibacterium	1500420
Lacihabitans	1649462
Lacimicrobium	1751872
Lacimonas	1941108
Lacinutrix	291183
Lacticaseibacillus	2759736
Lacticigenium	633405
Lactiplantibacillus	2767842
Lactivibrio	1508421
Lactobacillus	1578
Lactococcus	1357
Lactonifactor	420345
Lactovum	303226
Lacunisphaera	1961799
Lamprocystis	53452
Lampropedia	198705
Lapidilactobacillus	2767884
Lapillicoccus	402170
Laribacter	168470
Larkinella	332157
Larsenimonas	1775121
Latilactobacillus	2767885
Lautropia	47670
Lawsonella	1847725
Lawsonia	41707
Leadbetterella	319458
Lebetimonas	267989
Lecanicillium muscarium	2231603
Lechevalieria	165301
Leeia	650341
Leeuwenhoekiella	283735
Legionella	445
Leifsonia	110932
Leisingera	191028
Lelliottia	1330545
Leminorella	82980
Lentibacillus	175304
Lentibacter	1434014
Lentilactobacillus	2767893
Lentilitoribacter	1649463
Lentimicrobium	1840214
Lentimonas	417293
Lentisphaera	256846
Leptobacterium	472054
Leptolinea	475966
Leptonema	32205
Leptospira	171
Leptospirillum	179
Leptothrix	88
Leptotrichia	32067
Leucobacter	55968
Leuconostoc	1243
Leucothrix	45247
Levilactobacillus	2767886
Levilinea	475965
Lewinella	70994
Libanicoccus	2082587
Ligilactobacillus	2767887
Lihuaxuella	1522429
Limibacillus	1848396
Limibacter	518746
Limibaculum	2036011
Limimaricola	2211638
Limimonas	1434015
Limisphaera	1775685
Limnobacter	131079
Limnochorda	1676651
Limnohabitans	665874
Limnothrix	132605
Limosilactobacillus	2742598
Lipingzhangella	1874625
Liquorilactobacillus	2767888
Lishizhenia	559293
Listeria	1637
Litoreibacter	947567
Litoribacillus	1264044
Litoribacter	1237104
Litoribaculum	1569266
Litoribrevibacter	1649464
Litoricola	418700
Litorilinea	1215913
Litorilituus	1407056
Litorimonas	1167830
Litorisediminicola	1523153
Litorisediminivivens	1890287
Litorivivens	1654711
Loigolactobacillus	2767889
Loktanella	245186
Lonepinella	53416
Longilinea	475961
Longimicrobium	1804994
Longimonas	1829937
Longimycelium	1434016
Longispora	203522
Longivirga	2083192
Lonsdalea	1082702
Lophozia gillmanii	1285448
Luedemannella	349314
Luethyella	1960139
Luminiphilus	1341118
Lunatimonas	1774589
Lutaonella	488548
Luteibacter	242605
Luteibaculum	1649465
Luteimicrobium	754249
Luteimonas	83614
Luteipulveratus	745364
Luteitalea	2004797
Luteivirga	1434017
Luteococcus	33983
Luteolibacter	518753
Lutibacter	358023
Lutibaculum	1358438
Lutimaribacter	490828
Lutimonas	449810
Lutispora	667112
Lysinibacillus	400634
Lysinimicrobium	577469
Lysinimonas	1434018
Lysobacter	68
Lyticum	204450
Macellibacteroides	1159323
Macrococcus	69965
Macromonas	183669
Mageeibacillus	1637257
Magnetococcus	162171
Magnetospira	1182780
Magnetospirillum	13134
Magnetovibrio	1313115
Mahella	252965
Mailhella	1981028
Malaciobacter	2321114
Malikia	263066
Maliponia	1817584
Malonomonas	57039
Mameliella	1434019
Mangrovibacter	451512
Mangrovibacterium	1573808
Mangroviflexus	1434020
Mangrovimonas	1211036
Mannheimia	75984
Maribacter	252356
Maribius	387095
Maricaulis	74317
Marichromatium	85076
Maricurvus	1122283
Marihabitans	568214
Marimicrobium	1763473
Marinactinospora	647960
Marinagarivorans	1792291
marine metagenome	408172
marine sediment metagenome	412755
Marinibacterium	1931200
Marinibactrum	1930860
Marinibaculum	1903158
Marinicaulis	2174441
Marinicella	863253
Marinifilum	866673
Mariniflexile	527198
Marinilabilia	59738
Marinilactibacillus	191769
Marinimicrobium	359337
Marininema	1155934
Mariniphaga	1573806
Mariniradius	1245590
Marinithermus	186191
Marinitoga	160798
Marinobacter	2742
Marinobacterium	48075
Marinococcus	1370
Marinomonas	28253
Marinoscillum	643701
Marinospirillum	64968
Marinosulfonomonas	50056
Marinovum	367771
Mariprofundus	377315
Marisediminicola	1230698
Marispirillum	651700
Maritalea	623276
Maritimibacter	404235
Maritimimonas	1403697
Marivirga	869806
Marivita	659428
Marivivens	1759396
Marixanthomonas	387658
Marmoricola	86795
Martelella	293088
Marvinbryantia	248744
Massilia	149698
Mechercharimyces	482144
Megamonas	158846
Meganema	356797
Megasphaera	906
Meiothermus	65551
Melghirimyces	1236218
Melioribacter	1134403
Melissococcus	33969
Melittangium	44
Membranicola	2023705
Meniscus	200677
Merdibacter	1935200
Meridianimaribacter	1197472
Mesoaciditoga	1495038
Mesocricetibacter	1648517
Mesoflavibacter	444051
Mesonia	232115
Mesoplasma	46239
Mesorhizobium	68287
Mesotoga	1184396
metagenome	256318
Metallibacterium	1218803
Metallosphaera	41980
Methanimicrococcus	91559
Methanobacterium	2160
Methanobrevibacter	2172
Methanocalculus	71151
Methanocaldococcus	196118
Methanocella	570266
Methanococcoides	2225
Methanococcus	2184
Methanocorpusculum	2192
Methanoculleus	45989
Methanofollis	81416
Methanogenium	2195
Methanohalobium	2321
Methanohalophilus	2175
Methanolacinia	230355
Methanolinea	499551
Methanolobus	2220
Methanomassiliicoccus	1080709
Methanomethylovorans	101191
Methanomicrobium	2204
Methanoplanus	2314
Methanopyrus	2319
Methanoregula	395331
Methanosaeta	2222
Methanosalsum	196136
Methanosarcina	2207
Methanosphaera	2316
Methanosphaerula	475087
Methanospirillum	2202
Methanothermobacter	145260
Methanothermococcus	155862
Methanothermus	2179
Methanotorris	196119
Methermicoccus	660063
Methylarcula	72021
Methylibium	316612
Methylobacillus	404
Methylobacter	429
Methylobacterium	407
Methylobrevis	1775716
Methylocaldum	73778
Methylocapsa	184923
Methyloceanibacter	1484898
Methylocella	120652
Methylococcus	413
Methylocystis	133
Methyloferula	1143004
Methylogaea	1295378
Methyloglobulus	1410680
Methylohalobius	244364
Methylohalomonas	398772
Methyloligella	1485594
Methylomagnum	1760987
Methylomarinovum	1486720
Methylomarinum	1221209
Methylomicrobium	39773
Methylomonas	416
Methylonatrum	455252
Methyloparacoccus	1649469
Methylophaga	40222
Methylophilus	16
Methylopila	61653
Methyloprofundus	1565313
Methylorhabdus	61655
Methylorosula	1277353
Methylosarcina	160800
Methylosinus	425
Methylosoma	392710
Methylosphaera	54115
Methylotenera	359407
Methyloterrigena	1738648
Methylothermus	317574
Methyloversatilis	378210
Methylovirgula	1156568
Methylovorus	81682
Methylovulum	762296
Micavibrio	213485
Microaerobacter	1006481
Microbacter	1548510
Microbacterium	33882
microbial mat metagenome	527640
Microbispora	2005
Microbulbifer	48073
Microcella	337004
Micrococcus	1269
Microlunatus	29404
Micromonospora	1873
Micropepsis	1921569
Micropruina	116071
Microscilla	1023
Microterricola	518733
Microtetraspora	1995
Microvirga	186650
Microvirgula	57479
Millionella	1980038
Millisia	264147
mine drainage metagenome	410659
Minicystis	1649470
Miniimonas	947525
Mitsuaria	65047
Mitsuokella	52225
Mizugakiibacter	1544982
Mobilicoccus	984996
Mobilisporobacter	1780122
Mobilitalea	1649471
Mobiluncus	2050
Modestobacter	88138
Modicisalibacter	574347
Moellerella	158848
Mogibacterium	86331
Moheibacter	1572763
Monashia	53357
Mongoliibacter	1769735
Mongoliicoccus	1237108
Mongoliitalea	1511649
Monoglobus	2039302
Moorea	619344
Mooreia	1522130
Moorella	44260
Moraxella	475
Morganella	581
Moritella	58050
Moryella	437755
Motilibacter	1434021
Motilimonas	1914248
Motiliproteus	1775292
mouse gut metagenome	410661
Mucilaginibacter	423349
Mucinivorans	1611681
Mucispirillum	248038
Mumia	1546255
Murdochiella	1161127
Muribacter	1857532
Muribaculum	1918540
Muricauda	111500
Muricoccus	125216
Muriicola	762641
Murimonas	1774128
Murinocardiopsis	1400055
museum specimen metagenome	1661029
Myceligenerans	253183
Mycetocola	76634
Mycoavidus	1810868
Mycobacterium	1763
Mycoplana	13159
Mycoplasma	2093
Myroides	76831
Myxococcus	32
Mzabimyces	1649455
Naasia	1434022
Nafulsella	1265689
Nakamurella	53460
Nannocystis	53
Nanoarchaeum	193568
Natranaerobius	375928
Natranaerovirga	1434023
Natrialba	63742
Natribacillus	1150774
Natribaculum	1699375
Natrinema	88723
Natroniella	52003
Natronincola	89958
Natronoarchaeum	926359
Natronobacillus	472977
Natronobacterium	2256
Natronocella	414045
Natronococcus	29287
Natronoflexus	1434024
Natronohydrobacter	87171
Natronolimnobius	253106
Natronomonas	63743
Natronorubrum	134813
Natronotalea	2039627
Natronovirga	759413
Naumannella	1294511
Nautella	481445
Nautilia	191291
Necropsobacter	908284
Negadavirga	1822461
Negativibacillus	1980693
Negativicoccus	909928
Neiella	1434025
Neisseria	482
Neoasaia	320496
Neochlamydia	112987
Neokomagataea	1223423
Neomegalonema	356797
Neomicrococcus	1868332
Neorhizobium	1525371
Neorickettsia	33993
Neoscardovia	1730861
Neosynechococcus	1501143
Neptuniibacter	459520
Neptunitalea	1749071
Neptunomonas	75687
Nereida	282198
Nesiotobacter	500577
Nesterenkonia	57494
Nevskia	64001
Nguyenibacter	1519186
Niabella	379899
Niastella	354354
Nibrella	1649473
Nibribacter	1649474
Nicoletella	271159
Nioella	1775424
Nisaea	390876
Nissabacter	1964366
Nitratifractor	269260
Nitratireductor	245876
Nitratiruptor	269258
Nitriliruptor	596499
Nitrincola	267849
Nitritalea	1187887
Nitrobacter	911
Nitrococcus	35796
Nitrolancea	1206748
Nitrosarchaeum	1007082
Nitrosococcus	1227
Nitrosomonas	914
Nitrosospira	35798
Nitrospina	35800
Nitrospira	1234
Nitrospirillum	1543705
Niveibacterium	1769726
Niveispirillum	1543704
Niveitalea	1940259
Nocardia	1817
Nocardioides	1839
Nocardiopsis	2013
Nonlabens	363408
Nonomuraea	83681
Nordella	169055
Nosocomiicoccus	489909
Nostoc	1177
Novibacillus	1677050
Noviherbaspirillum	1344552
Novispirillum	660514
Novosphingobium	165696
Nubsella	565005
Oblitimonas	1654787
Occallatibacter	1742983
Occidentia	1930933
Oceanibacterium	1314700
Oceanibaculum	659693
Oceanibulbus	60136
Oceanicaulis	153232
Oceanicella	1233054
Oceanicoccus	1084558
Oceanicola	252301
Oceanimonas	129577
Oceaniovalibus	1207070
Oceanirhabdus	1434026
Oceaniserpentilla	450803
Oceanisphaera	225143
Oceanitalea	154116
Oceanithermus	208447
Oceanivirga	1824856
Oceanobacillus	182709
Oceanobacter	196079
Oceanobacterium	1123955
Oceanococcus	1558474
Oceanospirillum	965
Oceanotoga	1255275
Ochrobactrum	528
Octadecabacter	53945
Odoribacter	283168
Oenococcus	46254
Oerskovia	162491
Ohtaekwangia	1210119
Oikopleura	34763
Okibacterium	196084
Oleiagrimonas	1649642
Oleibacter	759360
Oleiphilus	141450
Oleispira	188907
Oleomonas	217063
Oligella	90243
Oligoflexus	1553903
Oligosphaera	1313210
Oligotropha	1033
Olivibacter	376469
Olleya	336276
Olsenella	133925
OM27 clade	1302713
OM43 clade	1233498
OM75 clade	1233501
Opitutus	178440
Orbus	743714
Orenia	46468
Oribacterium	265975
Oricola	1594166
Orientia	69474
Ornatilinea	1434028
Ornithinibacillus	484508
Ornithinibacter	1191515
Ornithinicoccus	82345
Ornithinimicrobium	125287
Ornithobacterium	28250
Orrella	1921582
Oryzihumus	344063
Oscillibacter	459786
Oscillochloris	104175
Oscillospira	119852
Otariodibacter	1249016
Ottowia	219181
Owenweeksia	267986
Oxalicibacterium	223927
Oxalobacter	846
Oxalophagus	44262
Oxobacter	44261
Pacificibacter	1042323
Paenalcaligenes	1100891
Paenarthrobacter	1742992
Paenibacillus	44249
Paeniclostridium	1849828
Paeniglutamicibacter	1742990
Paenirhodobacter	1470577
Paenisporosarcina	651660
Paenochrobactrum	999488
Pajaroellobacter	1882917
Palaeococcus	83867
Palleronia	315422
Paludibacter	346096
Paludibacterium	400060
Paludibaculum	1649475
Paludicola	2038676
Paludisphaera	1763521
Panacagrimonas	381430
Pandoraea	93217
Pannonibacter	227873
Pantoea	53335
Papillibacter	100175
Parabacteroides	375288
Parablastomonas	1654718
Parachlamydia	83551
Paraclostridium	1849822
Paracoccus	265
Paracraurococcus	77674
Paradevosia	1573407
Paraeggerthella	651554
Parafilimonas	1649476
Parafrigoribacterium	1957020
Paraglaciecola	1621534
Parahaliea	1857932
Paraherbaspirillum	1649477
Paralactobacillus	1578
Paralcaligenes	1148163
Paraliobacillus	200903
Paramaledivibacter	1884934
Paramesorhizobium	1759400
Paramoritella	543732
Paraoerskovia	665568
Parapedobacter	416949
Paraperlucidibaca	1268272
Paraprevotella	577309
Parapusillimonas	1403714
Pararhodospirillum	1612157
Parascardovia	196082
Parasediminibacterium	1747780
Parasegetibacter	1004302
Parasphingopyxis	1234545
Parasporobacterium	115543
Parasutterella	577310
Parvibacter	1427376
Parvibaculum	256616
Parvibium	2109346
Parvimonas	543311
Parviterribacter	1759365
Parvularcula	208215
Pasteurella	745
Pasteuria	86004
Patulibacter	361607
Paucibacter	318147
Paucilactobacillus	2767890
Paucimonas	157932
Paucisalibacillus	351094
Pavlova lutheri	2081491
Pectinatus	864
Pectobacterium	122277
Pediococcus	1253
Pedobacter	84567
Pedomicrobium	47494
Pedosphaera	1032526
Pelagibaca	360528
Pelagibacterium	1082930
Pelagibius	643951
Pelagicoccus	455433
Pelagicola	765413
Pelagimonas	1434029
Pelagirhabdus	1738642
Pelistega	106146
Pelobacter	18
Pelobium	1903173
Pelolinea	1649478
Pelomonas	335058
Pelosinus	365348
Pelospora	109324
Pelotomaculum	191373
Peptoanaerobacter	1913599
Peptoclostridium	1481960
Peptococcus	2740
Peptoniphilus	162289
Peptostreptococcus	1257
Peredibacter	263370
Perexilibacter	442432
Perlucidibaca	661182
permafrost metagenome	1082480
Permianibacter	1649479
Persephonella	182899
Persicirhabdus	518754
Persicitalea	442431
Persicobacter	59740
Perspicuibacter	1617892
Petrimonas	307628
Petrotoga	28236
Phaeobacter	302485
Phaeochromatium	1330022
Phaeocystidibacter	1577779
Phaeodactylibacter	1564515
Phaeospirillum	85265
Phaeovibrio	1220599
Phascolarctobacterium	33024
Phaselicystis	651810
Phaseolibacter	1297562
Phenylobacterium	20
Phocaeicola	909656
Phocea	1926663
Phocea	3028852
Phocoenobacter	146805
Phoenicibacter	1981050
Phorcysia	1079057
Photobacterium	657
Photorhabdus	29487
Phreatobacter	1632780
Phycicoccus	367298
Phycisphaera	666508
Phyllobacterium	28100
Phytoactinopolyspora	1783488
Phytohabitans	907364
Phytomonospora	1434030
Pibocella	237372
Picrophilus	46631
Pigmentiphaga	152267
Pilibacter	337670
Pilimelia	53370
Pirellula	123
Piscibacillus	420644
Piscicoccus	985001
Pisciglobus	1384499
Piscinibacter	1114981
Piscirickettsia	1237
Planctomicrobium	1779141
Planctopirus	1649480
Planifilum	332100
Planktomarina	1284657
Planktosalinus	1810932
Planktotalea	1195766
Planobispora	29298
Planococcus	1372
Planomicrobium	162291
Planomonospora	1998
Planosporangium	689760
Planotetraspora	58120
Plantactinospora	673534
Plantibacter	190323
Plasticicumulans	1400827
Plastorhodobacter	1663682
Pleionea	1502941
Pleomorphomonas	261933
Plesiocystis	191767
Plesiomonas	702
Pluralibacter	1330546
Polaribacter	52959
Polaromonas	52972
Polyangium	55
Polycladomyces	1348505
Polycyclovorans	1274363
Polymorphobacter	1508451
Polymorphum	991903
Polynucleobacter	44013
Pontibaca	1400059
Pontibacillus	289201
Pontibacter	323449
Pontibacterium	2036025
Ponticaulis	1123044
Ponticoccus	983507
Pontimonas	1434032
Pontivivens	1844015
Porphyrobacter	1111
Porphyromonas	836
Portibacter	1227556
Porticoccus	1123967
Poseidonibacter	2321187
Poseidonocella	1158296
Postechiella	1434033
Povalibacter	1538468
Pragia	82984
Prasinophyceae sp. CCMP1205	1764295
prasinophyte sp. RCC701 (clade VIIA5)	1461544
Prauserella	142577
Prevotella	838
Pricia	1434034
Primorskyibacter	1068904
Procabacter	167946
Profundibacterium	1258570
Profundimonas	1437109
Prolixibacter	314318
Promicromonospora	43676
Propionibacterium	1743
Propionicicella	348581
Propioniciclava	1085622
Propionicimonas	236052
Propioniferax	53456
Propionigenium	2332
Propionimicrobium	203133
Propionispira	84034
Propionispora	112902
Propionivibrio	83766
Prosthecobacter	48463
Prosthecochloris	1101
Prosthecomicrobium	81894
Proteiniborus	415014
Proteiniclasticum	1155385
Proteiniphilum	294702
Proteinivorax	1491776
Proteobacteria bacterium B210	2211119
Proteocatella	181069
Proteus	583
Prototheca kruegeri	2509260
Providencia	586
Pseudacidovorax	433923
Pseudactinotalea	1926259
Pseudaestuariivita	2211639
Pseudahrensia	1434035
Pseudaminobacter	93368
Pseudarcicella	1664383
Pseudarthrobacter	1742993
Pseudenhygromyxa	1324129
Pseudoalteromonas	53246
Pseudobacteriovorax	1769746
Pseudobacteroides	1486726
Pseudobowmanella	1940527
Pseudobutyrivibrio	46205
Pseudochelatococcus	1654719
Pseudochrobactrum	354349
Pseudocitrobacter	1504576
Pseudoclavibacter	255204
Pseudoclostridium	2304693
Pseudodonghicola	1649481
Pseudoduganella	1522432
Pseudoflavitalea	1884792
Pseudoflavonifractor	1017280
Pseudofulvibacter	1524959
Pseudofulvimonas	999506
Pseudoglutamicibacter	1742991
Pseudogracilibacillus	1494958
Pseudogulbenkiania	568394
Pseudohaliea	1341120
Pseudohalocynthiibacter	1759417
Pseudohoeflea	1915405
Pseudohongiella	1524249
Pseudokineococcus	1156392
Pseudolabrys	556257
Pseudomaricurvus	1458243
Pseudomonas	286
Pseudonocardia	1847
Pseudooceanicola	1679449
Pseudooctadecabacter	1686374
Pseudopedobacter	1649482
Pseudopelagicola	1649483
Pseudopelobacter	18
Pseudophaeobacter	1541822
Pseudopropionibacterium	2801844
Pseudoramibacter	113286
Pseudorhizobium	1903858
Pseudorhodobacter	238783
Pseudorhodoferax	747294
Pseudorhodoplanes	1734920
Pseudoroseicyclus	1813601
Pseudoruegeria	311411
Pseudoscardovia	1302778
Pseudosphingobacterium	407021
Pseudospirillum	196078
Pseudosporangium	439698
Pseudoteredinibacter	1122284
Pseudothermotoga	1643951
Pseudovibrio	258255
Pseudoxanthobacter	433838
Pseudoxanthomonas	83618
Pseudozobellia	633413
Psychrilyobacter	623282
Psychrobacillus	1221880
Psychrobacter	497
Psychrobium	1573826
Psychroflexus	83612
Psychroglaciecola	1649484
Psychromonas	67572
Psychroserpens	49277
Psychrosphaera	907197
Pterocladia musciformis	2699131
Ptilidium pulcherrimum	2854286
Puia	2045098
Pullulanibacillus	475230
Puniceibacterium	1608404
Puniceicoccus	388745
Pusillimonas	305976
Pustulibacterium	1649485
Pygmaiobacter	1929305
Pyramidobacter	638847
Pyrinomonas	1562565
Pyrobaculum	2276
Pyrococcus	2260
Pyrodictium	2308
Pyruvatibacter	1742974
Pyxidicoccus	224458
Qingshengfania	1654719
Qipengyuania	1855416
Quadrisphaera	317661
Quatrionicoccus	138117
Quinella	1567
Rahnella	34037
Raineya	2071614
Raineyella	1911549
Ralstonia	48736
Ramlibacter	174951
Raoultella	160674
Raoultibacter	1926677
Rapidithrix	413963
Rarobacter	13242
Rathayibacter	33886
Rehaibacterium	1344362
Reichenbachiella	156993
Reinekea	230494
Renibacterium	1645
Reyranella	445219
Rhabdobacter	1747773
Rhabdochromatium	48728
Rhabdothermus	1434036
Rheinheimera	67575
Rhizobacter	212743
Rhizocola	1538466
Rhizomicrobium	1241326
Rhizorhapis	1649487
Rhodanobacter	75309
Rhodobaca	119541
Rhodobacter	1060
Rhodobaculum	1640884
Rhodobium	34016
Rhodoblastus	168658
Rhodocista	34023
Rhodococcus	1827
Rhodocyclus	1064
Rhodocytophaga	455076
Rhodoferax	28065
Rhodoglobus	193383
Rhodohalobacter	1974209
Rhodoligotrophos	987053
Rhodoluna	529883
Rhodomicrobium	1068
Rhodonellum	336827
Rhodopila	1070
Rhodopirellula	265488
Rhodoplanes	29407
Rhodopseudomonas	1073
Rhodospirillum	1081
Rhodothalassium	85273
Rhodothermus	29548
Rhodovarius	268408
Rhodovastum	504465
Rhodovibrio	85274
Rhodovulum	34008
Rickettsia	780
Rickettsiella	59195
Riemerella	34084
Rikenella	28138
Risungbinella	1763555
Rivibacter	1146865
Rivicola	1649488
Robbsia	2038280
Robertkochia	1649489
Robiginitalea	252306
Robiginitomaculum	437506
Robinsoniella	588605
Rodentibacter	1960084
Romboutsia	1501226
Roseateles	93681
Roseburia	841
Roseiarcus	1643958
Roseibaca	1400060
Roseibacillus	518755
Roseibacterium	159345
Roseibium	150830
Roseicitreum	1209946
Roseicyclus	336277
Roseiflexus	120961
Roseimarinus	1827484
Roseimaritima	1579506
Roseimicrobium	1348508
Roseinatronobacter	121820
Roseisalinus	289239
Roseisolibacter	2093335
Roseitalea	1915401
Roseivirga	290180
Roseivivax	93682
Rosenbergiella	1356488
Roseobacter	2433
Roseococcus	35812
Roseomonas	125216
Roseospira	86671
Roseospirillum	83400
Roseovarius	74030
Rothia	32207
Ruania	626119
Rubellimicrobium	295418
Rubeoparvulum	1935206
Rubidimonas	1147735
Rubinisphaera	1649490
Rubribacterium	704105
Rubricoccus	907202
Rubrimonas	89523
Rubripirellula	1579505
Rubritalea	361050
Rubritepida	182402
Rubrivirga	1434037
Rubrivivax	28067
Rubrobacter	42255
Rudaea	886360
Rudaeicoccus	1434038
Rudaibacter	1434039
Rudanella	451373
Ruegeria	97050
Rufibacter	1379908
Rugamonas	212744
Rugosimonospora	1198243
Ruminiclostridium	1508657
Ruminobacter	866
Ruminococcus	1263
Ruminofilibacter	340117
Rummeliibacillus	648802
Runella	105
Rurimicrobium	2049912
Sabulilitoribacter	1573059
Saccharibacillus	456492
Saccharibacter	231052
Saccharicrinis	1618113
Saccharococcus	29395
Saccharofermentans	1200657
Saccharolobus	2100760
Saccharomonospora	1851
Saccharophagus	316625
Saccharopolyspora	1835
Saccharospirillum	231683
Saccharothrix	2071
Sagittula	58842
Salana	120376
Salarchaeum	1075398
Salegentibacter	143222
Salibacterium	1884429
Salicola	332339
Salilacibacter	1840198
Salimesophilobacter	1434040
Salimicrobium	351195
Salinactinospora	1434041
Salinarchaeum	1269201
Salinarimonas	690086
Salinibacillus	320933
Salinibacter	146918
Salinibacterium	235888
Salinicoccus	45669
Salinicola	404432
Salinigranum	1644057
Salinihabitans	1398404
Salinimicrobium	561367
Salinimonas	288793
Salininema	1840204
Salinirepens	1233041
Salinirubrum	1644062
Salinisphaera	180541
Salinispira	1616789
Salinispirillum	1649491
Salinispora	168694
Salinithrix	1649492
Salinivibrio	51366
Salinivirga	1970191
Salipaludibacillus	1884449
Saliphagus	2039236
Salipiger	263377
Salirhabdus	394505
Salisaeta	689697
Salisediminibacterium	1434042
Saliterribacillus	1434043
Salmonella	590
Salsuginibacillus	427077
Samsonia	160433
Sandaracinobacter	56358
Sandaracinus	1055688
Sandarakinorhabdus	362865
Sanguibacter	60919
Sanguibacteroides	1635148
Saprospira	1007
SAR92 clade	745004
Sarcina	1266
Savagea	1655429
Scardovia	196081
Schlegelella	215579
Schleiferia	1333716
Schleiferilactobacillus	2767891
Schlesneria	656899
Schumannella	472058
Schwartzia	55506
Sciscionella	596495
Scopulibacillus	442527
seawater metagenome	1561972
Sebaldella	32068
Secundilactobacillus	2767892
Sedimentibacter	190972
Sedimenticola	349742
Sedimentitalea	1541818
sediment metagenome	749907
Sediminibacillus	482460
Sediminibacter	379072
Sediminibacterium	504481
Sediminicola	389486
Sediminihabitans	1217414
Sediminimonas	659427
Sediminispirochaeta	1911556
Sediminitomix	379074
Sediminivirga	1784953
Segetibacter	460073
Segniliparus	286801
Seinonella	292637
Selenihalanaerobacter	142841
Seleniivibrio	1649493
Selenomonas	970
Sellimonas	1769710
Seminibacterium	1649494
Senegalimassilia	1473205
Seohaeicola	481178
Seonamhaeicola	1649495
Serinibacter	690565
Serinicoccus	265976
Serpentinicella	1890059
Serratia	613
Sharpea	519427
Shewanella	22
Shimazuella	471798
Shimia	573139
Shimwellia	1335483
Shinella	323620
Shivajiella	1336690
Shuttleworthia	177971
Siansivirga	1204360
Siccibacter	1649298
Sideroxydans	314343
Silanimonas	292713
Silicimonas	1955420
Silvanigrella	2024975
Silvimonas	300264
Simiduia	447467
Simkania	34093
Simonsiella	71
Simplicispira	352450
Singulisphaera	466152
Sinibacillus	1649496
Sinobaca	342943
Sinobacterium	1434044
Sinomicrobium	1434045
Sinomonas	596707
Sinosporangium	1367968
Siphonobacter	700450
Skermanella	204447
Skermania	59613
Slackia	84108
Smaragdicoccus	613121
Smithella	182623
Sneathia	168808
Sneathiella	510690
Snodgrassella	1193515
Snuella	1235438
soda lake metagenome	1627878
Sodalis	84565
Soehngenia	253255
Solibacillus	648800
Solimonas	413435
Solirubrobacter	207599
Solitalea	929509
Solobacterium	123375
Soonwooa	944321
Soortia	1914110
Sorangium	39643
Spelaeicoccus	1649497
Sphaerimonospora	1792303
Sphaerisporangium	321315
Sphaerobacter	2056
Sphaerochaeta	399320
Sphaerotilus	34102
Sphingoaurantiacus	1738651
Sphingobacterium	28453
Sphingobium	165695
Sphingomicrobium	1227948
Sphingomonas	13687
Sphingopyxis	165697
Sphingorhabdus	1434046
Sphingosinicella	335405
Spinactinospora	1434047
Spiribacter	1335745
Spirilliplanes	42232
Spirillospora	58122
Spirillum	967
Spirochaeta	146
Spiroplasma	2132
Spirosoma	107
Spongiibacter	630749
Spongiibacterium	444459
Spongiiferula	1819672
Spongiimicrobium	1884867
Spongiimonas	1313213
Spongiispira	1123222
Spongiivirga	1775471
Sporacetigenium	360541
Sporanaerobacter	165812
Sporichthya	35750
Sporobacter	44748
Sporobacterium	100132
Sporocytophaga	1011
Sporohalobacter	973
Sporolactobacillus	2077
Sporolituus	909931
Sporomusa	2375
Sporosalibacterium	1400135
Sporosarcina	1569
Sporotomaculum	68034
Stackebrandtia	283810
Stakelama	1124625
Staphylococcus	1279
Staphylothermus	2279
Stappia	152161
Starkeya	152053
Stella	93
Stenotrophobacter	1748767
Stenotrophomonas	40323
Stenoxybacter	422440
Steroidobacter	469322
Sterolibacterium	157591
Stetteria	52130
Stigmatella	40
Stomatobaculum	1213720
Streptacidiphilus	228398
Streptoalloteichus	2016
Streptobacillus	34104
Streptococcus	1301
Streptohalobacillus	1400134
Streptomonospora	104204
Streptomyces	1883
Streptosporangium	2000
Stygiolobus	41674
Subdoligranulum	292632
Subsaxibacter	291181
Subsaximicrobium	291178
Subtercola	120212
Succinatimonas	674963
Succiniclasticum	40840
Succinimonas	83768
Succinispira	78119
Succinivibrio	83770
Sufflavibacter	399942
Sulfitobacter	60136
Sulfobacillus	28033
Sulfolobus	2284
Sulfophobococcus	53425
Sulfuricella	935200
Sulfuricurvum	286130
Sulfuriferula	1778653
Sulfuriflexus	1860077
Sulfurifustis	1692042
Sulfurihydrogenibium	212790
Sulfurimonas	202746
Sulfurirhabdus	1738658
Sulfurisoma	1499082
Sulfurisphaera	69655
Sulfuritalea	1054211
Sulfuritortus	1938335
Sulfurivirga	364031
Sulfurospirillum	57665
Sulfurovum	265570
Sumerlaea	2315418
Sungkyunkwania	1649498
Sunxiuqinia	1254401
SUP05 cluster	655184
Sutterella	40544
Suttonella	13275
Swaminathania	209260
Symbiobacterium	2733
Synergistes	2753
Syntrophaceticus	862071
Syntrophobacter	29526
Syntrophobotulus	51196
Syntrophococcus	84036
Syntrophomonas	862
Syntrophorhabdus	513557
Syntrophotalea	2812025
Syntrophothermus	129001
Syntrophus	43773
Tabrizicola	1443919
Taeseokella	1763563
Tagaea	1755817
Tahibacter	1453544
Taibaiella	1434702
Tamaricihabitans	1734465
Tamlana	393005
Tangfeifania	1649501
Tannerella	195950
Tanticharoenia	444052
Taonella	1649502
Tardiphaga	1395974
Tateyamaria	299261
Tatumella	82986
Taylorella	29574
Telluria	34069
Tellurimicrobium	1748764
Telmatobacter	1078829
Telmatocola	1382832
Telmatospirillum	382513
Temperatibacter	1549129
Tenacibaculum	104267
Tenggerimyces	1784839
Tenuibacillus	286800
Tepidamorphus	747074
Tepidanaerobacter	499228
Tepidibacillus	1494427
Tepidibacter	214904
Tepidicaulis	1742977
Tepidicella	360239
Tepidimicrobium	285105
Tepidimonas	114248
Tepidiphilus	203470
Tepidisphaera	1771356
Terasakiella	196080
Terasakiispira	1861843
Teredinibacter	2425
Terrabacter	53355
Terracidiphilus	1768185
Terracoccus	68903
terrestrial metagenome	1348798
Terribacillus	459532
Terriglobus	392733
Terrilactibacillus	1795633
Terrimicrobium	1649503
Terrimonas	296051
Terrisporobacter	1505652
Tersicoccus	1418588
Tessaracoccus	72763
Testudinibacter	1755672
Tetragenococcus	51668
Tetrasphaera	99479
Texcoconibacillus	1649504
Thalassobacillus	331971
Thalassobaculum	526215
Thalassobius	335927
Thalassococcus	436357
Thalassolituus	187492
Thalassomonas	137583
Thalassospira	168934
Thalassotalea	1518149
Thauera	33057
Thaumasiovibrio	2014233
Thermacetogenium	140458
Thermaerobacter	73918
Thermanaeromonas	202949
Thermanaerothrix	1077886
Thermanaerovibrio	81461
Thermasporomyces	718013
Thermicanus	94008
Thermincola	278993
Thermithiobacillus	119979
Thermoactinomyces	2023
Thermoactinospora	1424614
Thermoanaerobacter	1754
Thermoanaerobacterium	28895
Thermoanaerobaculum	1434048
Thermobacillus	76632
Thermobaculum	262406
Thermobifida	83677
Thermobispora	147067
Thermobrachium	150333
Thermocatellispora	1649505
Thermocladium	62608
Thermoclostridium	2304691
Thermococcus	2263
Thermocrinis	75905
Thermocrispum	37924
Thermodesulfatator	241192
Thermodesulfitimonas	1914252
Thermodesulfobacterium	1740
Thermodesulfobium	227388
Thermodesulforhabdus	88358
Thermodesulfovibrio	28261
Thermodiscus	54249
Thermofilum	2268
Thermoflavifilum	1649506
Thermoflavimicrobium	292636
Thermoflexibacter	1938003
Thermoflexus	1495649
Thermogemmatispora	768669
Thermogladius	477695
Thermogutta	1676125
Thermogymnomonas	482135
Thermohalobacter	99593
Thermoleophilum	192992
Thermolithobacter	335382
Thermolongibacillus	1500514
Thermomarinilinea	1649507
Thermomicrobium	499
Thermomonas	141948
Thermomonospora	2019
Thermonema	28194
Thermopallium	42734
Thermopetrobacter	1495041
Thermophagus	1434049
Thermoplasma	2302
Thermopolyspora	359169
Thermoproteus	2270
Thermorudis	1649508
Thermosediminibacter	291988
Thermosinus	261684
Thermosipho	2420
Thermosphaera	54253
Thermosporothrix	768650
Thermostilla	1755820
Thermosulfidibacter	412592
Thermosulfurimonas	1522431
Thermosyntropha	54293
Thermotalea	648799
Thermotoga	2335
Thermotomaculum	1172428
Thermotunica	1649509
Thermovenabulum	159730
Thermovibrio	171868
Thermovirga	336260
Thermus	270
Thioalbus	1511694
Thioalkalibacter	469655
Thioalkalicoccus	156972
Thioalkalimicrobium	933
Thioalkalispira	200623
Thioalkalivibrio	106633
Thiobaca	127457
Thiobacillus	919
Thiobacimonas	263377
Thiobacter	279809
Thiocapsa	1056
Thioclava	285107
Thiococcus	85078
Thiocystis	13724
Thiodictyon	53392
Thiofaba	552511
Thioflavicoccus	156885
Thiofractor	1227554
Thiogranum	1617886
Thiohalobacter	1273155
Thiohalocapsa	85079
Thiohalomonas	397268
Thiohalophilus	445670
Thiohalorhabdus	492233
Thiohalospira	476278
Thiolamprovum	82559
Thiolapillus	1608298
Thiomargarita	90372
Thiomicrorhabdus	2039723
Thiomicrospira	933
Thiomonas	32012
Thiophaeococcus	453580
Thioploca	40751
Thioprofundum	665868
Thiopseudomonas	1654787
Thioreductor	269252
Thiorhodococcus	57488
Thiorhodospira	154346
Thiorhodovibrio	61593
Thiothrix	1030
Thiovirga	307586
Thiovulum	936
Thorsellia	336803
Tianweitania	1763452
Tibeticola	1940136
Timonella	1465824
Tindallia	69894
Tissierella	41273
Tistlia	1321364
Tistrella	171436
Tolumonas	43947
Tolypothrix	111782
Tomitella	741759
Tonsilliphilus	214013
Trabulsiella	158851
Tranquillimonas	1400062
Treponema	157
Trichlorobacter	115782
Trichococcus	82802
Tropheryma	2038
Tropicibacter	599653
Tropicihabitans	1655190
Tropicimonas	599652
Truepera	332248
Trueperella	1069494
Tsukamurella	2060
Tuberibacillus	340096
Tumebacillus	432330
Tundrisphaera	2029859
Tunicatimonas	1077254
Turicella	1716
Turicibacter	191303
Turneriella	338321
Tuwongella	2051044
Tyzzerella	1506577
Uliginosibacterium	392735
Ulvibacter	237444
Umboniibacter	745153
Umezawaea	583360
uncultured Acetobacteraceae bacterium	169975
uncultured Acetothermia bacterium	236499
uncultured Acidimicrobiaceae bacterium	410722
uncultured Acidimicrobiales bacterium	310071
uncultured Acidimicrobidae bacterium	179112
uncultured Acidipila sp.	1401345
uncultured Aciditerrimonas sp.	1229459
uncultured Acidobacteria bacterium	171953
uncultured Acidobacteriaceae bacterium	194844
uncultured Acidobacteriales bacterium	190530
uncultured Acidobacterium sp.	114706
uncultured Acidothermaceae bacterium	418007
uncultured Actinobacteridae bacterium	197512
uncultured actinobacterium	152507
uncultured actinobacterium HF0500_01C15	723603
uncultured Actinomycetaceae bacterium	349924
uncultured Actinomycetales bacterium	239730
uncultured actinomycete	100235
uncultured Aeromicrobium sp.	337820
uncultured Aeromonas sp.	263763
uncultured Alcaligenaceae bacterium	197502
uncultured alga	171248
uncultured Alistipes sp.	538949
uncultured Alkaliflexus sp.	435293
uncultured Alkaliphilus sp.	273375
uncultured alpha proteobacterium	91750
uncultured alpha proteobacterium EB000_46D07	710793
uncultured alpha proteobacterium EBAC2C11	295349
uncultured alpha proteobacterium EF100_94H03	710800
uncultured alpha proteobacterium HOC23	148864
uncultured alpha proteobacterium MB21A02	159763
uncultured Aminicenantes bacterium	174294
uncultured ammonia-oxidizing archaeon	418404
uncultured anaerobic ammonium-oxidizing bacterium	265882
uncultured anaerobic bacterium	283740
uncultured Anaerobranca sp.	332348
uncultured Anaerolineaceae bacterium	310067
uncultured Anaerolineae bacterium	452435
uncultured Anaerolineales bacterium	444458
uncultured Anaeromyxobacter sp.	293435
uncultured ANME-1 euryarchaeote	588818
uncultured ANME-2 cluster archaeon	1869250
uncultured Antarctic bacterium LB3-100	102575
uncultured Antarctic bacterium LB3-13	102576
uncultured Antarctic bacterium LB3-147	102577
uncultured Antarctic bacterium LB3-17	102578
uncultured Antarctic cyanobacterium	216601
uncultured Aquaspirillum sp.	191339
uncultured Aquificaceae bacterium	374108
uncultured Aquificales bacterium	163259
uncultured Aquiflexum sp.	501921
uncultured archaeon	115547
uncultured archaeon 19a-18	138487
uncultured archaeon 19a-19	138488
uncultured archaeon 19a-27	138490
uncultured archaeon 19a-29	138491
uncultured archaeon 19b-16	138467
uncultured archaeon 19b-26	138471
uncultured archaeon 19b-30	138472
uncultured archaeon 19b-39	138478
uncultured archaeon 19c-51	138505
uncultured archaeon 20a-12	138360
uncultured archaeon 20b-27	138377
uncultured archaeon 20b-28	138378
uncultured archaeon 20b-54	138386
uncultured archaeon 20c-10	138390
uncultured archaeon 20c-12	138391
uncultured archaeon 20c-25	138399
uncultured archaeon 20c-39	138402
uncultured archaeon 20c-52	138406
uncultured archaeon 20c-54	138407
uncultured archaeon 2C25	64755
uncultured archaeon 2C83	64761
uncultured archaeon 2C84	64762
uncultured archaeon 2MT1	64765
uncultured archaeon 2MT7	64775
uncultured archaeon 2MT8	64776
uncultured archaeon APA1-0cm	93185
uncultured archaeon APA2-17cm	93186
uncultured archaeon APA3-0cm	93187
uncultured archaeon APA6-17cm	93190
uncultured archaeon APA7-17cm	93191
uncultured archaeon Arc.118	62236
uncultured archaeon Arc.148	62243
uncultured archaeon Arc.171	62249
uncultured archaeon Arc.201	62252
uncultured archaeon Arc.212	62254
uncultured archaeon BA1a1	92881
uncultured archaeon BA2F4fin	92893
uncultured archaeon BURTON-12	97845
uncultured archaeon BURTON20_A	97847
uncultured archaeon CLEAR-15	95860
uncultured archaeon CLEAR-24	95861
uncultured archaeon CRA12-27cm	93174
uncultured archaeon CRA13-11cm	93175
uncultured archaeon CRA7-0cm	93176
uncultured archaeon CRA8-11cm	93178
uncultured archaeon CRA8-23cm	93184
uncultured archaeon CRA9-27cm	93180
uncultured archaeon 'KTK 18A'	90328
uncultured archaeon 'KTK 28A'	90329
uncultured archaeon 'KTK 31A'	90330
uncultured archaeon 'KTK 9A'	90327
uncultured archaeon PENDANT-17	97713
uncultured archaeon PENDANT-33	97714
uncultured archaeon pHGPA13	95173
uncultured archaeon SAGMA-11	140281
uncultured archaeon SAGMA-B	140246
uncultured archaeon SAGMA-E	140249
uncultured archaeon SAGMA-F	140250
uncultured archaeon SAGMA-G	140251
uncultured archaeon SAGMA-H	140252
uncultured archaeon SAGMA-I	140253
uncultured archaeon SAGMA-J	140254
uncultured archaeon SAGMA-Q	140262
uncultured archaeon SAGMA-R	140263
uncultured archaeon SAGMA-S	140264
uncultured archaeon SAGMA-U	140266
uncultured archaeon SAGMA-V	140267
uncultured archaeon SCALE-3	95862
uncultured archaeon TA1a4	92885
uncultured archaeon TA1a6	92887
uncultured archaeon TA1a9	92888
uncultured archaeon TA1c9	92889
uncultured archaeon TA1e6	92890
uncultured archaeon TA1f2	92891
uncultured archaeon TA2e12	92892
uncultured archaeon VC2.1 Arc31	78316
uncultured archaeon VC2.1 Arc6	78311
uncultured archaeon WCHA2-08	74279
uncultured Archangiaceae bacterium	412045
uncultured archeon 'KTK 4A'	90326
uncultured Ardenticatenia bacterium	1798892
uncultured Armatimonadetes bacterium	157466
uncultured bacillariophyte clone AWS98-19b	147219
uncultured Bacilli bacterium	224209
uncultured Bacillus sp.	83428
uncultured Bacteriovoracaceae bacterium	625924
uncultured Bacteriovorax sp.	346638
uncultured bacterium #0319-6A14	117754
uncultured bacterium #0319-6A21	117633
uncultured bacterium #0319-6A24	117634
uncultured bacterium #0319-6C24	117755
uncultured bacterium #0319-6E2	117635
uncultured bacterium #0319-6E22	117636
uncultured bacterium #0319-6G20	117742
uncultured bacterium #0319-6G9	117637
uncultured bacterium #0319-6M6	117621
uncultured bacterium #0319-7F19	117691
uncultured bacterium #0319-7L14	117765
uncultured bacterium #0425-2M17	117761
uncultured bacterium #0649-1G9	117619
uncultured bacterium 17F9	131553
uncultured bacterium 213	698383
uncultured bacterium 246	698384
uncultured bacterium 259	698386
uncultured bacterium 293	698389
uncultured bacterium	77133
uncultured bacterium 98	698395
uncultured bacterium AD248-D7-1A	542381
uncultured bacterium AD249-B8	526652
uncultured bacterium AD254-A9	526653
uncultured bacterium AD257-B4	526654
uncultured bacterium AD45-G12	526659
uncultured bacterium AD66-C11	526661
uncultured bacterium adhufec202	98590
uncultured bacterium adhufec279	98591
uncultured bacterium ARCTIC13_E_12	542402
uncultured bacterium C2-12	96424
uncultured bacterium contig00016	1181507
uncultured bacterium CSL142	1091569
uncultured bacterium DA023	134727
uncultured bacterium DA038	134723
uncultured bacterium DA052	134725
uncultured bacterium DA079	134731
uncultured bacterium DA111	134719
uncultured bacterium GC1	142149
uncultured bacterium GC55	112501
uncultured bacterium GKS2-174	124727
uncultured bacterium GKS2-30	124726
uncultured bacterium gp17	133155
uncultured bacterium gp18	133156
uncultured bacterium gp6	133144
uncultured bacterium gp7	133145
uncultured bacterium GR-296.I.52	134312
uncultured bacterium GR-296.II.11	134380
uncultured bacterium GR-296.II.45	141708
uncultured bacterium GR-296.II.89	134293
uncultured bacterium GR-WP33-30	134313
uncultured bacterium GR-WP33-58	134314
uncultured bacterium gwf2_scaffold_392	1781574
uncultured bacterium HF0130_06E03	710813
uncultured bacterium HF0500_03M05	542506
uncultured bacterium HF0500_16O16	542511
uncultured bacterium HF0770_45N15	542530
uncultured bacterium KF/GS-JG36-31	133842
uncultured bacterium KF-JG30-18	133841
uncultured bacterium KF-JG30-B11	133835
uncultured bacterium KF-JG30-B3	133836
uncultured bacterium KF-JG30-C25	133838
uncultured bacterium 'KTK 14'	90331
uncultured bacterium 'KTK 27'	90332
uncultured bacterium 'KTK 32'	90333
uncultured bacterium 'KTK 36'	90334
uncultured bacterium 'KTK 41'	90335
uncultured bacterium MB13C05	159815
uncultured bacterium mle1-12	137386
uncultured bacterium mle1-16	137413
uncultured bacterium mle1-25	137389
uncultured bacterium mle1-27	137391
uncultured bacterium mle1-48	137414
uncultured bacterium mle1-8	137412
uncultured bacterium oral clone BS003	135006
uncultured bacterium PHOS-HC15	142030
uncultured bacterium PHOS-HD29	142043
uncultured bacterium PHOS-HE28	142013
uncultured bacterium PHOS-HE47	142032
uncultured bacterium PHOS-HE51	142019
uncultured bacterium PHOS-HE93	142055
uncultured bacterium Riz6I	93541
uncultured bacterium SBR1039	112502
uncultured bacterium SBR1071	142150
uncultured bacterium SBR1093	320024
uncultured bacterium SBR1108	142194
uncultured bacterium SBR2013	142154
uncultured bacterium SBR2095	142190
uncultured bacterium SBR2096	142152
uncultured bacterium SBR2113	142155
uncultured bacterium SBRH58	142179
uncultured bacterium SHA-116	126465
uncultured bacterium SHA-3	100729
uncultured bacterium SHA-38	100728
uncultured bacterium SHA-89	100720
uncultured bacterium SHD-197	126466
uncultured bacterium SHD-58	126468
uncultured bacterium SHD-71	126467
uncultured bacterium SJA-121	78970
uncultured bacterium SJA-15	78933
uncultured bacterium SJA-171	78981
uncultured bacterium SJA-22	78936
uncultured bacterium SJA-35	78940
uncultured bacterium SJA-36	78941
uncultured bacterium SJA-43	78943
uncultured bacterium SJA-68	78955
uncultured bacterium SJP-3	96422
uncultured bacterium TA06	150034
uncultured bacterium UASB_TL13	150014
uncultured bacterium UASB_TL14	150012
uncultured bacterium UASB_TL20	149992
uncultured bacterium UASB_TL25	150005
uncultured bacterium UASB_TL26	149996
uncultured bacterium UASB_TL4	150015
uncultured bacterium UASB_TL56	149997
uncultured bacterium VC2.1 Bac16	78289
uncultured bacterium VC2.1 Bac22	78293
uncultured bacterium VC2.1 Bac28	78297
uncultured bacterium zdt-33i5	325466
uncultured Bacteroidales bacterium	194843
uncultured Bacteroides sp.	162156
uncultured Bacteroidetes bacterium	152509
uncultured Bacteroidetes/Chlorobi group bacterium	169977
uncultured Banisveld landfill bacterium BVA77	146177
uncultured Banisveld landfill bacterium BVB22	146191
uncultured Banisveld landfill bacterium BVC56	146244
uncultured Banisveld landfill bacterium BVC83	146256
uncultured Barnesiella sp.	584861
uncultured Bathyarchaeota archaeon	1739975
uncultured BD2-11 clade bacterium	1235738
uncultured Beijerinckiaceae bacterium	239737
uncultured Bellilinea sp.	527659
uncultured beta proteobacterium	86027
uncultured Bradyrhizobiaceae bacterium	181009
uncultured Bradyrhizobium sp.	199684
uncultured Brevundimonas sp.	213418
uncultured Burkholderiaceae bacterium	188056
uncultured Burkholderiales bacterium	208544
uncultured Burkholderia sp.	188058
uncultured Caldilineaceae bacterium	543031
uncultured Caldilineae bacterium	655473
uncultured Caldilineales bacterium	500842
uncultured Caldilinea sp.	435295
uncultured Caldiserica bacterium	291196
uncultured Caldithrix sp.	348149
uncultured candidate division AC1 bacterium	221234
uncultured candidate division BHI80-139 bacterium	1520796
uncultured candidate division BRC1 bacterium	200297
uncultured candidate division CAB-I bacterium	347845
uncultured candidate division GN04 bacterium	363495
uncultured candidate division GN06 bacterium	363502
uncultured candidate division GN09 bacterium	363497
uncultured candidate division GN10 bacterium	363499
uncultured candidate division GN1 bacterium	363498
uncultured candidate division JS1 bacterium	263865
uncultured candidate division KSB1 bacterium	231493
uncultured candidate division MSBL1 archaeon	215779
uncultured candidate division OS-K bacterium	221185
uncultured candidate division SAM bacterium	221104
uncultured candidate division SBR1093 bacterium	320024
uncultured candidate division SPAM bacterium	221106
uncultured candidate division SR1 bacterium	221237
uncultured candidate division TA06 bacterium	1156503
uncultured candidate division WS1 bacterium	363536
uncultured candidate division WS5 bacterium	522890
uncultured candidate division WS6 bacterium	221215
uncultured candidate division WWE3 bacterium	422285
uncultured candidate division ZB3 bacterium	447829
uncultured Candidatus Aenigmarchaeum sp.	1896161
uncultured Candidatus Dependentiae bacterium	171954
uncultured Candidatus Desulforudis sp.	703112
uncultured Candidatus Gracilibacteria bacterium	363504
uncultured Candidatus Marinimicrobia bacterium	195045
uncultured Candidatus Midichloria sp.	1137838
uncultured Candidatus Pelagibacter sp.	372654
uncultured Candidatus Saccharibacteria bacterium	179883
uncultured Carnobacterium sp.	259013
uncultured Catabacteriaceae bacterium	1229255
uncultured Catenulispora sp.	487357
uncultured Catenuloplanes sp.	1081856
uncultured Cellulomonadaceae bacterium	211448
uncultured Cenarchaeum sp.	355926
uncultured Chelatococcus sp.	316083
uncultured Chitinivibrionia bacterium	296143
uncultured Chitinophagaceae bacterium	866510
uncultured Chlamydiales bacterium	174324
uncultured Chlamydia sp.	199738
uncultured chlorarachniophyte	349301
uncultured Chlorella	254346
uncultured Chlorobia bacterium	1506603
uncultured Chlorobiales bacterium	904064
uncultured Chlorobi bacterium	156405
uncultured Chloroflexaceae bacterium	152594
uncultured Chloroflexales bacterium	152575
uncultured Chloroflexi bacterium	166587
uncultured Chloroflexi bacterium HF4000_28F02	710739
uncultured Chloroflexus sp.	214040
uncultured Chlorophyta	171245
uncultured Chromatiaceae bacterium	182265
uncultured Chromatiales bacterium	293324
uncultured Chroococcidiopsis sp.	259957
uncultured Closteriopsis	1476389
uncultured Clostridia bacterium	244328
uncultured Clostridiaceae bacterium	195049
uncultured Clostridiales bacterium	172733
uncultured Clostridium sp.	59620
uncultured Colwellia sp.	154336
uncultured Comamonadaceae bacterium	165437
uncultured compost archaeon	367740
uncultured compost bacterium	155098
uncultured compost bacterium 5-18	108076
uncultured Compostimonas sp.	1446774
uncultured Conexibacteraceae bacterium	575424
uncultured Conexibacter sp.	259313
uncultured Coriobacteriaceae bacterium	331632
uncultured Coriobacteriales bacterium	349920
uncultured Coriobacteriia bacterium	1105182
uncultured Coxiellaceae bacterium	316100
uncultured Coxiella sp.	189542
uncultured Crater Lake bacterium CL120-133	148189
uncultured Crater Lake bacterium CL500-10	148223
uncultured Crater Lake bacterium CL500-13	148257
uncultured Crater Lake bacterium CL500-15	148232
uncultured Crater Lake bacterium CL500-4	148235
uncultured Crater Lake bacterium CL500-9	148222
uncultured Crater Lake bacterium CL500-94	148258
uncultured crenarchaeote	29281
uncultured crenarchaeote ODPB-A2	95924
uncultured crenarchaeote ODPB-A3	95925
uncultured crenarchaeote ODPB-A7	95927
uncultured crenarchaeote ODPB-A9	95928
uncultured crenarchaeote pBRKC108	91318
uncultured crenarchaeote pBRKC129	91315
uncultured crenarchaeote pBRKC135	91314
uncultured crenarchaeote pBRKC82	91316
uncultured crenarchaeote pBRKC86	91313
uncultured crenarchaeote pBRKC88	91317
uncultured Cryomorphaceae bacterium	512288
uncultured Cryptomonadaceae	168826
uncultured Cupriavidus sp.	314008
uncultured cyanobacterium	1211
uncultured Cyanobacterium sp.	751952
uncultured Cystobacterineae bacterium	501931
uncultured Cytophagaceae bacterium	194250
uncultured Cytophagales bacterium	158755
uncultured Cytophaga sp.	160238
uncultured deep-sea bacterium	759664
uncultured Deferribacteres bacterium	213663
uncultured Dehalococcoides sp.	171952
uncultured Dehalococcoidia bacterium	498747
uncultured Dehalogenimonas sp.	876103
uncultured delta proteobacterium	34034
uncultured delta proteobacterium DeepAnt-1F12	357894
uncultured delta proteobacterium DeepAnt-32C6	357895
uncultured delta proteobacterium GR-296.I.86	141700
uncultured delta proteobacterium Sva0485	90855
uncultured delta proteobacterium Sva0556	90857
uncultured delta proteobacterium Sva0853	90848
uncultured Denitratisoma sp.	338827
uncultured Derxia sp.	498724
uncultured Desulfobacteraceae bacterium	218296
uncultured Desulfobulbaceae bacterium	293402
uncultured Desulfocaldus sp.	558712
uncultured Desulfofustis sp.	543070
uncultured Desulfoglaeba sp.	577593
uncultured Desulfovibrionales bacterium	345727
uncultured Desulfovibrio sp.	167968
uncultured Desulfovirga sp.	905017
uncultured Desulfurococcales archaeon	307553
uncultured Desulfurococcus sp.	158791
uncultured Desulfuromonadaceae bacterium	293398
uncultured Desulfuromonadales bacterium	214038
uncultured Desulfuromonas sp.	181013
uncultured DHVE1 group euryarchaeote	749712
uncultured diatom	137771
uncultured Dunaliella sp.	309164
uncultured Ectothiorhodospiraceae bacterium	197505
uncultured Eionea sp.	1230364
uncultured Elusimicrobia bacterium	699876
uncultured endolithic bacterium	381796
uncultured Enterococcus sp.	167972
uncultured Entomoplasmatales bacterium	213662
uncultured Epsilonproteobacteria bacterium	120858
uncultured epsilon proteobacterium 1068	101539
uncultured epsilon proteobacterium 1070	101538
uncultured Epulopiscium sp.	432659
uncultured Erysipelotrichaceae bacterium	331630
uncultured Erysipelotrichia bacterium	666559
uncultured Eubacteriaceae bacterium	203524
uncultured eubacterium AB16	130859
uncultured eubacterium E1-K9	126448
uncultured eubacterium env.OPS 17	65800
uncultured eubacterium env.OPS 8	65794
uncultured eubacterium H1.2.f	62264
uncultured eubacterium H1.4.f	62265
uncultured eubacterium H3.93	62267
uncultured eubacterium OCS146	62682
uncultured eubacterium OCS307	44687
uncultured eubacterium t0.6.f	62262
uncultured eubacterium t0.8.f	62263
uncultured eubacterium WCHB1-01	74246
uncultured eubacterium WCHB1-02	74241
uncultured eubacterium WCHB1-06	74244
uncultured eubacterium WCHB1-07	74250
uncultured eubacterium WCHB1-25	74205
uncultured eubacterium WCHB1-26	74249
uncultured eubacterium WCHB1-41	74206
uncultured eubacterium WCHB1-53	74007
uncultured eubacterium WCHB1-56	74255
uncultured eubacterium WCHB1-58	74260
uncultured eubacterium WCHB1-60	74248
uncultured eubacterium WCHB1-64	74256
uncultured eubacterium WCHB1-81	74218
uncultured eubacterium WD2101	133701
uncultured eubacterium WD2107	133624
uncultured eubacterium WD2123	133587
uncultured eubacterium WD215	133703
uncultured eubacterium WD264	133599
uncultured eubacterium WD283	133699
uncultured eubacterium WD294	133700
uncultured eubacterium WD298	133604
uncultured eukaryote	100272
uncultured euryarchaeote	114243
uncultured euryarchaeote Alv-FOS5	337891
uncultured euryarchaeote pBRKC22	91306
uncultured euryarchaeote VAL31-1	85396
uncultured euryarchaeote VAL35-1	85398
uncultured euryarchaeote VAL90	85391
uncultured Ferrimicrobium sp.	240133
uncultured Fibrobacteres/Acidobacteria group bacterium	187320
uncultured Fibrobacteres bacterium	187319
uncultured Fimbriimonas sp.	1936177
uncultured Firmicutes bacterium	344338
uncultured Flaviramulus sp.	1565461
uncultured Flavobacteriales bacterium	213322
uncultured Flavobacteriia bacterium	212695
uncultured Flavobacterium sp.	165435
uncultured Flexibacteraceae bacterium	239735
uncultured Flexibacter sp.	158757
uncultured Fluviicola sp.	463303
uncultured forest soil bacterium	169009
uncultured Frankineae bacterium	437475
uncultured Fulvivirga sp.	1071675
uncultured Fusobacteria bacterium	174329
uncultured Gaiella sp.	1215293
uncultured gamma proteobacterium	86473
uncultured gamma proteobacterium B2M28	122719
uncultured gamma proteobacterium B2M54	122720
uncultured gamma proteobacterium B2M60	122721
uncultured gamma proteobacterium CHAB-XI-27	90494
uncultured gamma proteobacterium HF0070_25G02	723566
uncultured gamma proteobacterium HF0200_24F15	723570
uncultured gamma proteobacterium HF0770_40P16	723580
uncultured gamma proteobacterium HF4000_19M20	710987
uncultured gamma proteobacterium MB11B08	159783
uncultured gamma proteobacterium MB12G11	159784
uncultured Gemmatimonadaceae bacterium	246130
uncultured Gemmatimonadales bacterium	412054
uncultured Gemmatimonadetes bacterium	203437
uncultured Gemmatimonas sp.	221169
uncultured Geoalkalibacter sp.	905029
uncultured Geobacteraceae bacterium	214033
uncultured Geobacter sp.	186741
uncultured Geothermobacterium sp.	310062
uncultured Geothrix sp.	207611
uncultured Gloeobacter sp.	388079
uncultured Gordonibacter sp.	886349
uncultured Gram-positive bacterium	38145
uncultured Green Bay ferromanganous micronodule bacterium MND1	140610
uncultured Green Bay ferromanganous micronodule bacterium MND4	140612
uncultured Green Bay ferromanganous micronodule bacterium MND8	140603
uncultured Green Bay ferromanganous micronodule bacterium MNH4	140606
uncultured green sulfur bacterium GR-296.II.73	141706
uncultured Halanaerobiaceae bacterium	374446
uncultured haloalkaliphilic bacterium	1455636
uncultured haloarchaeon	160804
uncultured haloarchaeon MSP23	75458
uncultured haloarchaeon MSP41	75459
uncultured haloarchaeon MSP8	75450
uncultured Halobacteria archaeon	260469
uncultured Halochromatium sp.	305975
uncultured Haloquadratum sp.	329270
uncultured Helicobacteraceae bacterium	290433
uncultured High G+C Gram-positive bacterium Sva0389	90870
uncultured High G+C Gram-positive bacterium Sva0506	90872
uncultured Holophaga/Acidobacterium Sva0515	90882
uncultured Holophagae bacterium	754483
uncultured Holophaga sp.	188475
uncultured hydrocarbon seep bacterium BPC015	96976
uncultured hydrocarbon seep bacterium BPC065	96960
uncultured hydrocarbon seep bacterium BPC066	96977
uncultured hydrocarbon seep bacterium GCA018	96980
uncultured Hydrogenedentes bacterium	214883
uncultured Hyphomicrobiaceae bacterium	218023
uncultured Iamia sp.	674515
uncultured Ignavibacteria bacterium	1645732
uncultured Ignavibacteriales bacterium	1191687
uncultured Ignavibacterium sp.	1069996
uncultured KB1 group bacterium	171547
uncultured KB1 group bacterium Medee_0001	1221182
uncultured Kineosporiaceae bacterium	400534
uncultured Kiritimatiellaeota bacterium	543364
uncultured Kofleriaceae bacterium	521189
uncultured korarchaeote	161241
uncultured Kordiimonas sp.	402588
uncultured Kouleothrix sp.	259324
uncultured Kribbella sp.	304889
uncultured Ktedonobacterales bacterium	444456
uncultured Lachnospiraceae bacterium	297314
uncultured Lake Michigan sediment bacterium LMBA49	152023
uncultured Latescibacteria bacterium	199737
uncultured Legionellales bacterium	351057
uncultured Lentisphaerae bacterium	278095
uncultured Leptospira sp.	253437
uncultured Levilinea sp.	670178
uncultured Litorilinea sp.	1552961
uncultured Longilinea sp.	527666
uncultured low G+C Gram-positive bacterium	152508
uncultured Lutispora sp.	1137115
uncultured Lyngbya sp.	332961
uncultured Magnetobacterium sp.	430691
uncultured marine archaeon	56763
uncultured marine archaeon DCM3921	105564
uncultured marine archaeon DCM6515	105561
uncultured marine archaeon DCM74159	105562
uncultured marine archaeon DCM74161	105563
uncultured marine archaeon DCM866	105572
uncultured marine archaeon DCM867	105573
uncultured marine archaeon DCM874	105576
uncultured marine archaeon FIN625	80932
uncultured marine archaeon GIN492	80934
uncultured marine bacterium 313	257386
uncultured marine bacterium	56765
uncultured marine benthic group A euryarchaeote	1082484
uncultured marine benthic group E euryarchaeote	749854
uncultured marine crenarchaeote	115413
uncultured marine crenarchaeote AD1000-207-H3	526637
uncultured marine cyanobacterium	215611
uncultured marine eukaryote	203449
uncultured marine group II euryarchaeote	274854
uncultured marine group II euryarchaeote HF70_89B11	347643
uncultured marine group III euryarchaeote	360836
uncultured marine group III euryarchaeote HF200_25B11	347545
uncultured marine group I thaumarchaeote	360837
uncultured marine microorganism	415540
uncultured marine microorganism HF130_10-06-02	361146
uncultured marine microorganism HF200_10-06-02	361147
uncultured marine microorganism HF4000_APKG10H11	455559
uncultured marine rappemonad	884108
uncultured marine thaumarchaeote	1167203
uncultured marine thaumarchaeote SAT1000_22_C02	1456394
uncultured Marinilabiliaceae bacterium	860784
uncultured Marinobacter sp.	187379
uncultured Maritalea sp.	757249
uncultured Merismopedia sp.	474411
uncultured Mesonia sp.	399731
uncultured Mesorhizobium sp.	233795
uncultured Methanobacteriaceae archaeon	176233
uncultured Methanoculleus sp.	183762
uncultured methanogenic archaeon	198240
uncultured Methanomassiliicoccales archaeon	1235852
uncultured Methanomicrobia archaeon	346909
uncultured Methanomicrobiales archaeon	183760
uncultured Methanosaeta sp.	183756
uncultured Methanosarcinales archaeon	183757
uncultured Methanotorris sp.	549381
uncultured Methylibium sp.	381093
uncultured Methylobacterium sp.	157278
uncultured Methylococcaceae bacterium	181674
uncultured Methylococcus sp.	236501
uncultured Methylocystaceae bacterium	181008
uncultured Microgenomates group bacterium	174293
uncultured Micromonospora sp.	429168
uncultured microorganism	358574
uncultured miscellaneous Crenarchaeota group	1368239
uncultured Mollicutes bacterium	220137
uncultured Moorella group bacterium	348839
uncultured Moorella sp.	198439
uncultured myxobacterium HF0130_06F04	723555
uncultured myxobacterium HF0200_01L06	723556
uncultured myxobacterium HF0200_05J13	723557
uncultured Myxococcaceae bacterium	487347
uncultured Myxococcales bacterium	253830
uncultured Nakamurellaceae bacterium	418005
uncultured Nannocystineae bacterium	438495
uncultured Nautiliales bacterium	1127474
uncultured Nitriliruptorales bacterium	1054594
uncultured Nitriliruptor sp.	1031263
uncultured Nitrosomonadaceae bacterium	207829
uncultured Nitrosomonadales bacterium	239992
uncultured Nitrosopumilales archaeon	171534
uncultured Nitrososphaera sp.	759874
uncultured Nitrospinaceae bacterium	407034
uncultured Nitrospina sp.	179109
uncultured Nitrospiraceae bacterium	213324
uncultured Nitrospirae bacterium	170969
uncultured Nitrospira sp.	157176
uncultured Nocardioidaceae bacterium	253824
uncultured Nocardiopsis sp.	206104
uncultured Novosphingobium sp.	292277
uncultured Oceanibaculum sp.	715031
uncultured Oceanospirillales bacterium	293335
uncultured Ochrobactrum sp.	267632
uncultured OCS116 cluster bacterium	648187
uncultured Oleiphilus sp.	427759
uncultured Omnitrophica bacterium	174292
uncultured Opitutae bacterium	575426
uncultured organism	155900
uncultured Oscillatoriales cyanobacterium	156210
uncultured Owenweeksia sp.	291204
uncultured Paenibacillaceae bacterium	256850
uncultured Paludibacter sp.	497635
uncultured Paralemanea sp.	433361
uncultured Parcubacteria group bacterium	221218
uncultured Parvibaculum sp.	291828
uncultured Parvularculaceae bacterium	622613
uncultured Pedosphaera sp.	1191521
uncultured Pelagibacterales bacterium	309857
uncultured Pelobacter sp.	211450
uncultured Peptococcaceae bacterium	329911
uncultured Phacus	1476393
uncultured phototrophic eukaryote	172788
uncultured Phycisphaerae bacterium	904963
uncultured Phycisphaerales bacterium	904075
uncultured Phycisphaera sp.	876113
uncultured Phyllobacteriaceae bacterium	257462
uncultured Planctomyces sp.	179110
uncultured Planctomycetaceae bacterium	100233
uncultured Planctomycetales bacterium	100371
uncultured planctomycete	120965
uncultured Planctomycetes Sva0500	90867
uncultured Planctomycetes Sva0503	90868
uncultured Planctomycetia bacterium	411917
uncultured Polyangiaceae bacterium	417999
uncultured Poribacteria bacterium	265321
uncultured Poribacteria bacterium 64K2	309182
uncultured Porphyromonadaceae bacterium	348578
uncultured Prochlorococcus sp.	159733
uncultured prokaryote	198431
uncultured Prolixibacter sp.	523688
uncultured Propionibacteriaceae bacterium	257457
uncultured Prosthecobacter sp.	522608
uncultured proteobacterium	153809
uncultured proteobacterium OCS44	62674
uncultured prymnesiophyte C19847	858394
uncultured prymnesiophyte C5574	858395
uncultured prymnesiophyte C8704	858396
uncultured Pseudomonas sp.	114707
uncultured Pseudonocardiaceae bacterium	325449
uncultured Pseudoxanthomonas sp.	281701
uncultured Rhizobiaceae bacterium	271151
uncultured Rhizomicrobium sp.	1241328
uncultured Rhodobacteraceae bacterium	157276
uncultured Rhodobacter sp.	204728
uncultured Rhodococcus sp.	194249
uncultured Rhodocyclaceae bacterium	151985
uncultured rhodophyte	162014
uncultured Rhodopirellula sp.	666712
uncultured Rhodospirillaceae bacterium	352351
uncultured Rhodospirillales bacterium	296830
uncultured Rickettsiales bacterium	219660
uncultured Rickettsia sp.	249168
uncultured Rikenellaceae bacterium	331634
uncultured Rikenella sp.	368003
uncultured Roseobacter sp.	114847
uncultured Rubrobacteraceae bacterium	349277
uncultured Rubrobacterales bacterium	453417
uncultured Rubrobacteria bacterium	211429
uncultured rumen bacterium	136703
uncultured rumen bacterium 4C0d-2	107058
uncultured rumen bacterium 4C28d-15	107170
uncultured SA1 group euryarchaeote	171538
uncultured SA2 group euryarchaeote	171541
uncultured Saccharibacillus sp.	1193528
uncultured Saprospiraceae bacterium	261514
uncultured SAR11 cluster alpha proteobacterium H17925_23J24	715036
uncultured SAR156 cluster gamma proteobacterium	511134
uncultured SAR202 cluster bacterium	648178
uncultured SAR324 cluster bacterium	179114
uncultured SAR86 cluster bacterium	648174
uncultured Schlesneria sp.	904984
uncultured sediment archaeon	676242
uncultured sediment bacterium	676241
uncultured Selenomonadales bacterium	1387507
uncultured Shewanella sp.	173975
uncultured Sinobacteraceae bacterium	694021
uncultured sludge bacterium	641485
uncultured sludge bacterium A12b	117427
uncultured sludge bacterium A21b	117435
uncultured sludge bacterium H2	117439
uncultured sludge bacterium H29	117420
uncultured sludge bacterium H46	117437
uncultured sludge bacterium H5	117416
uncultured sludge bacterium H6	117417
uncultured sludge bacterium H8	117433
uncultured sludge bacterium S14	117461
uncultured sludge bacterium S18	117482
uncultured sludge bacterium S43	117467
uncultured sludge bacterium S9	117446
uncultured Sodalis sp.	687868
uncultured soil archaeon	164850
uncultured soil bacterium	164851
uncultured soil bacterium PBS-114	110979
uncultured soil bacterium PBS-18	110992
uncultured soil bacterium PBS-21	110968
uncultured soil bacterium PBS-22	110969
uncultured soil bacterium PBS-71	110974
uncultured soil bacterium PBS-74	110976
uncultured soil bacterium PBS-87	110978
uncultured soil bacterium PBS-II-1	110945
uncultured soil bacterium PBS-II-34	110952
uncultured soil bacterium PBS-II-37	110954
uncultured soil bacterium PBS-II-4	110947
uncultured soil bacterium PBS-III-18	110959
uncultured soil bacterium PBS-III-20	110960
uncultured soil bacterium PBS-III-24	110961
uncultured soil bacterium PBS-III-26	110962
uncultured soil bacterium PBS-III-29	110964
uncultured soil bacterium PBS-III-30	110965
uncultured soil bacterium PBS-III-32a	110967
uncultured soil bacterium PBS-III-4	110956
uncultured soil bacterium PRR-10	110987
uncultured soil bacterium PRR-11	110988
uncultured soil bacterium PRR-12	110989
uncultured Solibacterales bacterium	2569091
uncultured Solirubrobacterales bacterium	768556
uncultured Solirubrobacter sp.	211446
uncultured Sorangiineae bacterium	581185
uncultured Sphaerobacteraceae bacterium	498751
uncultured Sphaerobacter sp.	211440
uncultured Sphingobacteriales bacterium	212696
uncultured Sphingobacteriia bacterium	246143
uncultured Sphingobacterium sp.	182688
uncultured Sphingobium sp.	316087
uncultured Sphingomonadaceae bacterium	169976
uncultured Sphingomonas sp.	158754
uncultured Spirochaetales bacterium	457002
uncultured Spirochaetes bacterium	460511
uncultured spirochete	156406
uncultured sponge symbiont PAUC43f	105064
uncultured sponge symbiont PAUC51f	105065
uncultured Sporichthyaceae bacterium	293301
uncultured Sporomusa sp.	307249
uncultured Stella sp.	491341
uncultured Stenotrophomonas sp.	165438
uncultured Steroidobacter sp.	549818
uncultured Sterolibacterium sp.	359374
uncultured Stigmatella sp.	290608
uncultured Streptomyces sp.	174707
uncultured Streptomycetaceae bacterium	341026
uncultured Streptophyta	260559
uncultured subdivision 3 bacterium	543060
uncultured Sulfuricurvum sp.	430693
uncultured sulfur-oxidizing symbiont bacterium	498719
uncultured Symbiobacterium sp.	427677
uncultured Synergistetes bacterium	447826
uncultured Syntrophaceae bacterium	293303
uncultured Syntrophobacteraceae bacterium	220496
uncultured Syntrophobacterales bacterium	348141
uncultured Syntrophomonas sp.	281277
uncultured Syntrophus sp.	228671
uncultured Telmatobacter sp.	1401347
uncultured Tepidimicrobium sp.	1399891
uncultured Termite group 1 bacterium	167965
uncultured Tetrasphaera sp.	487349
uncultured thaumarchaeote	651141
uncultured Theionarchaea archaeon	1980648
uncultured Thermaerobacter sp.	388586
uncultured thermal soil archaeon	166500
uncultured thermal soil bacterium	166499
uncultured Thermanaeromonas sp.	543108
uncultured Thermoanaerobacteraceae bacterium	303759
uncultured Thermoanaerobacterales bacterium	157468
uncultured Thermoanaerobaculum sp.	1552967
uncultured Thermodesulfobacteriaceae bacterium	190201
uncultured Thermodesulfovibrio sp.	239994
uncultured Thermofilum sp.	310083
uncultured Thermoflavimicrobium sp.	889295
uncultured Thermomicrobia bacterium	384764
uncultured Thermomicrobium sp.	158795
uncultured Thermoplasmata archaeon	376542
uncultured Thermoplasmatales archaeon	215775
uncultured Thermoproteales archaeon	309174
uncultured Thermoprotei archaeon	476105
uncultured Thermosporothrix sp.	876105
uncultured Thermotogae bacterium	453412
uncultured Thermotogales bacterium	221214
uncultured Thermovenabulum sp.	335989
uncultured Thioalkalivibrio sp.	291831
uncultured Thiobacillus sp.	189996
uncultured Tistrella sp.	499814
uncultured Truepera sp.	543023
uncultured Vampirovibrio sp.	948465
uncultured Verrucomicrobia bacterium	156588
uncultured Verrucomicrobiaceae bacterium	257470
uncultured Verrucomicrobiales bacterium	100234
uncultured Verrucomicrobia subdivision 3 bacterium	257465
uncultured verrucomicrobium DEV007	129150
uncultured verrucomicrobium DEV008	129158
uncultured verrucomicrobium DEV019	129160
uncultured verrucomicrobium DEV020	129171
uncultured verrucomicrobium DEV022	129161
uncultured verrucomicrobium DEV045	129156
uncultured verrucomicrobium DEV055	129164
uncultured verrucomicrobium DEV059	129157
uncultured verrucomicrobium DEV064	129174
uncultured verrucomicrobium DEV114	129175
uncultured verrucomicrobium HF0070_15G23	723594
uncultured Verrucomicrobium sp.	114704
uncultured Vibrio sp.	114054
uncultured Wautersiella sp.	455073
uncultured Xanthobacteraceae bacterium	491146
uncultured Xanthomonadaceae bacterium	211441
uncultured Xanthomonadales bacterium	412058
Undibacterium	401469
Ureaplasma	2129
Ureibacillus	160795
Ursidibacter	1855419
Uruburuella	299568
Vadicella	875170
Vagococcus	2737
Vallitalea	1348611
Vampirovibrio	213484
Varibaculum	184869
Variibacter	1649510
Variovorax	34072
Varunaivibrio	1866954
Veillonella	29465
Venenivibrio	407997
Ventosimonas	1827307
Verminephrobacter	364316
Verrucomicrobium	2735
Verrucosispora	1873
Verrucosispora	84593
Verticia	1835332
Verticiella	1835332
Vespertiliibacter	1520333
Vibrio	662
Vibrionimonas	1649511
Vicinamibacter	1847386
Vicingus	2058169
Victivallis	172900
Virgibacillus	84406
Virgisporangium	65504
Viridibacillus	496496
Vitellibacter	153265
Vitiosangium	1945896
Vitreoscilla	59
Vogesella	57739
Volucribacter	256730
Vulcanibacillus	551771
Vulcaniibacterium	1649512
Vulcanisaeta	164450
Vulcanithermus	206044
Vulgatibacter	1524214
Waddlia	71666
wallaby gut metagenome	703336
Wandonia	1115103
Wangella	1398561
wastewater metagenome	527639
Weeksella	1013
Weissella	46255
Wenxinia	653686
Wenyingzhuangia	1518147
Wenzhouxiangella	1676142
Wigglesworthia	51228
Williamsia	85043
Williamwhitmania	2038697
Winogradskyella	286104
Woeseia	1738655
Wohlfahrtiimonas	582472
Wolbachia	953
Wolinella	843
Woodsholea	240236
Xanthobacter	279
Xanthomarina	1868329
Xanthomonas	338
Xenophilus	151754
Xenorhabdus	626
Xiangella	1398560
Xiangella	1873
Xuhuaishuia	1855413
Xylanibacillus	1975703
Xylanibacterium	228972
Xylanimicrobium	289244
Xylanimonas	186188
Xylella	2370
Xylophilus	54066
Yangia	2919626
Yaniella	225447
Yeosuana	288018
Yersinia	629
Yokenella	158876
Yonghaparkia	355929
Youhaiella	1827478
Youngiibacter	1408818
Youngimonas	1649513
Yuhushiella	1813
Zavarzinella	600332
Zavarzinia	204446
Zeaxanthinibacter	561554
Zhihengliuella	370735
Zhizhongheella	1649514
Zhizhongheella	196013
Zhongshania	1434050
Zhouia	561555
Zobellella	347533
Zobellia	112040
Zoogloea	349
Zooshikella	202771
Zunongwangia	417127
Zymobacter	33073
Zymomonas	541
Zymophilus	84034
